,modelname,productpdfurl,productimageurl,productimageurl2,productimageurl3,productimageurl4
0,Amatrol's Process Control Learning Systems,https://tech-labs.com/sites/default/files/Brc_SmartFactoryTabletopMechatronics.pdf,https://tech-labs.com/sites/default/files/product_images/process-control-landing-page-700-x-398.jpg,https://tech-labs.com/sites/default/files/product_images/Hands-On-Smart-Sensor-Training.jpg,https://tech-labs.com/sites/default/files/product_images/Amatrol-Tabletop-Mechatronics-Smart-Factory-with-FANUC-Robot.jpg,https://tech-labs.com/sites/default/files/product_images/Tabletop%20Smart%20Factory%20-%20TL%20-%2005-21%20-03.jpg
1,Amatrol’s Smart Factory Tabletop Mechatronics System,https://tech-labs.com/sites/default/files/Brc_SkillBoss_Form6700-A_11x17_email_L.PDF,https://tech-labs.com/sites/default/files/product_images/Tabletop%20Smart%20Factory%20-%20TL%20-%2005-21%20-03.jpg,https://tech-labs.com/sites/default/files/product_images/Amatrol-Skill-Boss-CPT%2B.jpeg,https://tech-labs.com/sites/default/files/product_images/amatrol-95-MSB1-Skill_Boss-MSSC_front.jpeg,https://tech-labs.com/sites/default/files/product_images/amatrol-95-MSB1-Skill_Boss-MSSC.jpg
2,Skill Boss: Comprehensive Assessment,https://tech-labs.com/sites/default/files/T7017-A_AC-DCElectricalLearningSystem_Form6610-E_L.pdf,https://tech-labs.com/sites/default/files/product_images/amatrol-95-MSB1-Skill_Boss-MSSC.jpg,https://tech-labs.com/sites/default/files/product_images/MB227-2.jpg,https://tech-labs.com/sites/default/files/product_images/MB227.jpg,https://tech-labs.com/sites/default/files/product_images/T7017A.png
3,AC/DC Electrical Learning System,https://tech-labs.com/sites/default/files/Amatrol-Agritech-Brochure.pdf,https://tech-labs.com/sites/default/files/product_images/T7017A.png,https://tech-labs.com/sites/default/files/product_images/Amatrol-Agritech-Training_Overview.png,https://tech-labs.com/sites/default/files/product_images/Amatrol-Agritech-Training.png,https://tech-labs.com/sites/default/files/product_images/Amatrol-Agritech-Training2.png
4,Amatrol Agritech,https://tech-labs.com/sites/default/files/Brc_SkillBoss_Form6700-A_11x17_email_L.PDF,https://tech-labs.com/sites/default/files/product_images/Amatrol-Agritech-Training2.png,https://tech-labs.com/sites/default/files/product_images/TEP--870_Mechatronics_1982.jpg,https://tech-labs.com/sites/default/files/product_images/lift-870_PTAB82_00808.jpg,https://tech-labs.com/sites/default/files/product_images/AEC-25098-AAU_FANUCRobotIntegrPkg_cntxt-w870-Mech.jpg
5,Amatrol eBooks,https://tech-labs.com/sites/default/files/950-STF1_SolarThermalInstallation_Form6553_L.pdf,https://tech-labs.com/sites/default/files/product_images/amatrol_ebooks.png,https://tech-labs.com/sites/default/files/product_images/Amatrol-Skill-Boss-CPT%2B.jpeg,https://tech-labs.com/sites/default/files/product_images/amatrol-95-MSB1-Skill_Boss-MSSC_front.jpeg,https://tech-labs.com/sites/default/files/product_images/amatrol-95-MSB1-Skill_Boss-MSSC.jpg
6,Amatrol Electric Motor Troubleshooting Learning System,https://tech-labs.com/sites/default/files/85-MT2_BasicElectricalMachinesLearningSystem_Form6603-G_L_0.pdf,https://tech-labs.com/sites/default/files/product_images/85-MT2E-Web-Header-700x412.jpg,https://tech-labs.com/sites/default/files/product_images/95-STW1_0.png,https://tech-labs.com/sites/default/files/product_images/M20103.jpg,https://tech-labs.com/sites/default/files/product_images/950-STF1.jpg
7,Amatrol High School Learning Programs,https://tech-labs.com/sites/default/files/950-PM1_CentrifugalPumpLearningSystem_Form6621-E_L.pdf,https://tech-labs.com/sites/default/files/product_images/preengineering-1149-amatrol-high-school-technical-training.png,https://tech-labs.com/sites/default/files/product_images/industrial-maintenance-amatrol.png,https://tech-labs.com/sites/default/files/product_images/amatrol-packaging-trainers.png,https://tech-labs.com/sites/default/files/product_images/automation-landing-page-700-x-398.jpg
8,Amatrol Level 1 Programmable Controllers,https://tech-labs.com/sites/default/files/990-DRV1_PortableACMotorDriveLearningSystem_Form6869-A_L.pdf,https://tech-labs.com/sites/default/files/product_images/890-PECB.jpg,https://tech-labs.com/sites/default/files/product_images/flowchart.png,https://tech-labs.com/sites/default/files/product_images/nims_cert.jpg,https://tech-labs.com/sites/default/files/product_images/cncmachine.jpg
9,Amatrol Mechatronics Learning System,https://tech-labs.com/sites/default/files/990-DRV1F_PortableACMotorDriveLearningSystem_Form6864-A_L.pdf,https://tech-labs.com/sites/default/files/product_images/AEC-25098-AAU_FANUCRobotIntegrPkg_cntxt-w870-Mech.jpg,https://tech-labs.com/sites/default/files/product_images/85-MT2-C.jpg,https://tech-labs.com/sites/default/files/product_images/emm.jpg,https://tech-labs.com/sites/default/files/product_images/85-MT2.jpg
10,Skill Boss: Comprehensive Assessment,https://tech-labs.com/sites/default/files/990-ACDC1_PortableACDCElectricalLearningSystem_Form6877-A_L.pdf,https://tech-labs.com/sites/default/files/product_images/amatrol-95-MSB1-Skill_Boss-MSSC.jpg,https://tech-labs.com/sites/default/files/product_images/95-PM1-A.jpg,https://tech-labs.com/sites/default/files/product_images/Pumps-ebook.png,https://tech-labs.com/sites/default/files/product_images/950-PM1.jpg
11,Amatrol Solar Thermal Installation Learning System,https://tech-labs.com/sites/default/files/990-EC1_PortableElectricaRelayControlLearningSystem_Form6870-A_L.pdf,https://tech-labs.com/sites/default/files/product_images/950-STF1.jpg,https://tech-labs.com/sites/default/files/product_images/990-DRV1_3.png,https://tech-labs.com/sites/default/files/product_images/multimedia.png,https://tech-labs.com/sites/default/files/product_images/990-DRV1.png
12,Amatrol's Automation Training Systems,https://tech-labs.com/sites/default/files/990-SN1_PortableElectronicSensorsLearningSystem_Form6875-A_L.pdf,https://tech-labs.com/sites/default/files/product_images/automation-landing-page-700-x-398.jpg,https://tech-labs.com/sites/default/files/product_images/multimedia_0.png,https://tech-labs.com/sites/default/files/product_images/990-DRV1F-2.png,https://tech-labs.com/sites/default/files/product_images/990-DRV1F.png
13,Amatrol's CNC Machine Operator Program,https://tech-labs.com/sites/default/files/990-MC1_PortableMotorControlLearningSystem_Form6867-A_L.pdf,https://tech-labs.com/sites/default/files/product_images/cncmachine.jpg,https://tech-labs.com/sites/default/files/product_images/990-ACDC1_3.png,https://tech-labs.com/sites/default/files/product_images/990-ACDC1_2_0.png,https://tech-labs.com/sites/default/files/product_images/990-ACDC1.png
14,Amatrol's Electrical Training Systems,https://tech-labs.com/sites/default/files/990-MC1F_PortableMotorControlTroubleshootingLearningSystem_Form6866-A_L.pdf,https://tech-labs.com/sites/default/files/product_images/electrical-landing-page-700-x-398.jpg,https://tech-labs.com/sites/default/files/product_images/990-EC1-3.png,https://tech-labs.com/sites/default/files/product_images/990-EC1-2.png,https://tech-labs.com/sites/default/files/product_images/990-EC1.png
15,Amatrol's Fluid Power Training Systems,https://tech-labs.com/sites/default/files/990-PAB53_PortablePLCLearningSystem-ABCompactLogix_Form6873-A_L.pdf,https://tech-labs.com/sites/default/files/product_images/fluid-power-landing-page-700-x-398.jpg,https://tech-labs.com/sites/default/files/product_images/990-SN1-3.png,https://tech-labs.com/sites/default/files/product_images/990-SN1-2.png,https://tech-labs.com/sites/default/files/product_images/990-SN1.png
16,Amatrol's Mechanical Training Systems,https://tech-labs.com/sites/default/files/990-PAB53F_PortablePLCTroubleshootingLearningSystem-ABCompactLogix_Form6874-A_L.pdf,https://tech-labs.com/sites/default/files/product_images/mechanical-landing-page-700-x-398.jpg,https://tech-labs.com/sites/default/files/product_images/990-MC1-3.png,https://tech-labs.com/sites/default/files/product_images/990-MC1-2.png,https://tech-labs.com/sites/default/files/product_images/990-MC1.png
17,Amatrol's STEM Program,https://tech-labs.com/sites/default/files/990-PS712F_PortablePLCLearningSystem-Siemens1200_Form6872-A_L.pdf,https://tech-labs.com/sites/default/files/product_images/depthbreadth-graphic-300x170.jpg,https://tech-labs.com/sites/default/files/product_images/990-MC1F-2.png,https://tech-labs.com/sites/default/files/product_images/FaultPro_1.png,https://tech-labs.com/sites/default/files/product_images/990-MC1F.jpg
18,Basic Electrical Machines Learning System,https://tech-labs.com/sites/default/files/990-PN1_PortablePneumaticsLearningSystem_Form6871-B_L.pdf,https://tech-labs.com/sites/default/files/product_images/85-MT2.jpg,https://tech-labs.com/sites/default/files/product_images/TL-990-PAB53A.png,https://tech-labs.com/sites/default/files/product_images/Amatrol_990-PAB53A.png,https://tech-labs.com/sites/default/files/product_images/portable-allen-bradley-compactlogix-plc-training.jpg
19,Basic Electrical Machines Learning System – 85-MT2,https://tech-labs.com/sites/default/files/990-PG1_PortablePrecisionGaugingLearningSystem_Form6876-A_L.pdf,https://tech-labs.com/sites/default/files/product_images/85-MT2-XB-Rotating-Electric-Machines-Learning-System-a-2006-02-01-PhotoUpdated-2008-05-29-W-e1373316166176.jpg,https://tech-labs.com/sites/default/files/product_images/LMW--990-PAB53AF-AAU_Portable.jpg,https://tech-labs.com/sites/default/files/product_images/990-PAB53AF-PLC.jpg,https://tech-labs.com/sites/default/files/product_images/Amatrol-990-PAB53AF.jpg
20,Basic Hydraulics Learning System,https://tech-labs.com/sites/default/files/850-AEC_AlternativeEnergyLearningSystemWindSolar_Form6099-B_L.pdf,https://tech-labs.com/sites/default/files/product_images/Amatrol-Basic-Hydraulics_BH-85.jpg,https://tech-labs.com/sites/default/files/product_images/portable_Training_5.png,https://tech-labs.com/sites/default/files/product_images/990-PS712_2.png,https://tech-labs.com/sites/default/files/product_images/990-PS712F_PortablePLCLS-S7-1200-wTrblshtg.jpg
21,Basic Pneumatics Learning System,https://tech-labs.com/sites/default/files/950-HTB1_BasicHydraulicTroubleshootingLearningSystem_Form6123-A_L.pdf,https://tech-labs.com/sites/default/files/product_images/Amatrol-Basic-Pneumatics_85-BP.jpg,https://tech-labs.com/sites/default/files/product_images/portable_Training_6.png,https://tech-labs.com/sites/default/files/product_images/990-PN1_1.png,https://tech-labs.com/sites/default/files/product_images/990-PN1.png
22,Centrifugal Pump Learning System,https://tech-labs.com/sites/default/files/Brc_eLearning_Form6474-A_L.pdf,https://tech-labs.com/sites/default/files/product_images/950-PM1.jpg,https://tech-labs.com/sites/default/files/product_images/990-PG1_3.png,https://tech-labs.com/sites/default/files/product_images/990-PG1_2.png,https://tech-labs.com/sites/default/files/product_images/990-PG1.png
23,Electric Relay Control Learning System,https://tech-labs.com/sites/default/files/850-MT6B_ElectricalWiringLearningSystem_Form6122-A_L.pdf,https://tech-labs.com/sites/default/files/product_images/90-EC1A.png,https://tech-labs.com/sites/default/files/product_images/950-SC1_0.jpg,https://tech-labs.com/sites/default/files/product_images/M20027.jpg,https://tech-labs.com/sites/default/files/product_images/850-AEC.jpg
24,Electro-Hydraulics Learning System,https://tech-labs.com/sites/default/files/950-HM1_HydraulicMaintenanceLearningSystem_Form6126-A_L.pdf,https://tech-labs.com/sites/default/files/product_images/Amatrol-elctro-hydraulic-training-system_85-EH.jpg,https://tech-labs.com/sites/default/files/product_images/950-HTB1_6.jpg,https://tech-labs.com/sites/default/files/product_images/950-HTB1_5.png,https://tech-labs.com/sites/default/files/product_images/950-HTB1-Web-Header-700x516.jpg
25,Level and Flow Process Control Troubleshooting Learning System,https://tech-labs.com/sites/default/files/990-MES1_PortableMeasurementToolsLearningSystem_Form6859-A_L.pdf,https://tech-labs.com/sites/default/files/product_images/process-control-troubleshooting-learning-system.jpg,https://tech-labs.com/sites/default/files/product_images/nims_cert_0.jpg,https://tech-labs.com/sites/default/files/product_images/Amatrol%20elearningTablets.jpg,https://tech-labs.com/sites/default/files/product_images/amatrol-elearning-nims-endorsed.jpg
26,MSSC Certified Production Technician,https://tech-labs.com/sites/default/files/990-ME1_PortableMechanicalDrives1LearningSystem_Form6857-A_L.pdf,https://tech-labs.com/sites/default/files/product_images/mssc1.jpg,https://tech-labs.com/sites/default/files/product_images/85-MT6BA-Web-Header-700x479.jpg,https://tech-labs.com/sites/default/files/product_images/850-MT6B-Web-Header-700x456.png,https://tech-labs.com/sites/default/files/product_images/85-MT6BA-04.png
27,Plastics Technology 1 Learning System | Injection Molding Training,https://tech-labs.com/sites/default/files/990-PTB1_PortablePneumaticsTroubleshootingLearningSystem_Form6860-A_L.pdf,https://tech-labs.com/sites/default/files/product_images/96-PLS1-T-Plastics-Technology-1-Learning-System.jpg,https://tech-labs.com/sites/default/files/product_images/85-HPS-HydraulicPowerUnit-e1373563817153.jpg,https://tech-labs.com/sites/default/files/product_images/950-HM1_1trans.png,https://tech-labs.com/sites/default/files/product_images/950-HM1-Web-Header-700x544.jpg
28,Plastics Technology 2 Learning System | Blow Molding & Extrusion Training,https://tech-labs.com/sites/default/files/CFT%20One%20Pager%20with%20White%20Space%20TLS.pdf,https://tech-labs.com/sites/default/files/product_images/96-PLS2-ITC-PlasticsTechnology2LearnSyst.jpg,https://tech-labs.com/sites/default/files/product_images/990-MES1-MeasurementTools_16.png,https://tech-labs.com/sites/default/files/product_images/990-MES1-MeasurementTools_11.png,https://tech-labs.com/sites/default/files/product_images/990-MES1-Web-Header-700x443.jpg
29,Portable AC Motor Drive Learning System,https://tech-labs.com/sites/default/files/950-SPT1-Solar_PV_Troubleshooting-Form6552-B_L.pdf,https://tech-labs.com/sites/default/files/product_images/990-DRV1.png,https://tech-labs.com/sites/default/files/product_images/990-ME1-12.png,https://tech-labs.com/sites/default/files/product_images/990-ME1-Web-header-700x461.jpg,https://tech-labs.com/sites/default/files/product_images/990-ME1-14.png
30,Portable AC Motor Drive Troubleshooting Learning System,https://tech-labs.com/sites/default/files/950-STOL1_SolarThermalOpen-LoopTroubleshooting_Form6551-B_L.pdf,https://tech-labs.com/sites/default/files/product_images/990-DRV1F.png,https://tech-labs.com/sites/default/files/product_images/990-PTB1_1.png,https://tech-labs.com/sites/default/files/product_images/990-PTB1_3.jpg,https://tech-labs.com/sites/default/files/product_images/990-PTB1-Web-Header-700x507.jpg
31,Portable AC/DC Electrical Learning System,https://tech-labs.com/sites/default/files/950-TEH1-TurbineElectricHubTroubleshooting-Form6507-C_L.pdf,https://tech-labs.com/sites/default/files/product_images/990-ACDC1.png,https://tech-labs.com/sites/default/files/product_images/Skill-Boss-Logistics-for-MSSC-CT-SCA-Certifications.jpg,https://tech-labs.com/sites/default/files/product_images/Skill-Boss-Logistics-Amatrol-95-MSB3_top.jpg,https://tech-labs.com/sites/default/files/product_images/Skill-Boss-Logistics-Amatrol-95-MSB3.png
32,Portable Electric Relay Control Learning System,https://tech-labs.com/sites/default/files/950-TNC1_TurbineNacelleTroubleshooting_Form6506-C_L_0.pdf,https://tech-labs.com/sites/default/files/product_images/990-EC1.png,https://tech-labs.com/sites/default/files/product_images/amatrol0smart_factory_enterprise_components.png,https://tech-labs.com/sites/default/files/product_images/amatrol0smart_factory_enterprise_bullets.png,https://tech-labs.com/sites/default/files/product_images/SmartFactory-Elevated.jpg
33,Portable Electronic Sensors Learning System,https://tech-labs.com/sites/default/files/85-MT2E_MotorTroubleshootingLearningSystem_Form6681-A_L_0.pdf,https://tech-labs.com/sites/default/files/product_images/990-SN1.png,https://tech-labs.com/sites/default/files/product_images/950-SC1_1.jpg,https://tech-labs.com/sites/default/files/product_images/M20104.jpg,https://tech-labs.com/sites/default/files/product_images/950-SPT1.jpg
34,Portable Motor Control Learning System,https://tech-labs.com/sites/default/files/Amatrol_Virtual_Trainers_TLS.pdf,https://tech-labs.com/sites/default/files/product_images/990-MC1.png,https://tech-labs.com/sites/default/files/product_images/95-STW1.png,https://tech-labs.com/sites/default/files/product_images/m20101.jpg,https://tech-labs.com/sites/default/files/product_images/950-STOL1.jpg
35,Portable Motor Control Troubleshooting Learning System,https://tech-labs.com/sites/default/files/950-TGC1_WindTurbineGeneratorControlLS_Form6522_L_0.pdf,https://tech-labs.com/sites/default/files/product_images/990-MC1F.jpg,https://tech-labs.com/sites/default/files/product_images/Tabletop-Mechatronics_New_Section2.jpg,https://tech-labs.com/sites/default/files/product_images/Tabletop-Mechatronics_New_Section1.jpg,https://tech-labs.com/sites/default/files/product_images/870-PTAB10.png
36,Portable PLC Learning System (Allen-Bradley ControlLogix),https://tech-labs.com/sites/default/files/T7082-A-Air_Conditioning-Heat_Pump_Troubleshooting_Learning_System-Form6662-C_L.pdf,https://tech-labs.com/sites/default/files/product_images/portable-allen-bradley-compactlogix-plc-training.jpg,https://tech-labs.com/sites/default/files/product_images/950-TGC1.jpg,https://tech-labs.com/sites/default/files/product_images/M20013.jpg,https://tech-labs.com/sites/default/files/product_images/950-TEH1.jpg
37,Portable PLC Troubleshooting Learning System (CompactLogix L16),https://tech-labs.com/sites/default/files/85-MT5-_Electric_Motor_Control_Learning_System-Form6608-C_L.pdf,https://tech-labs.com/sites/default/files/product_images/Amatrol-990-PAB53AF.jpg,https://tech-labs.com/sites/default/files/product_images/950-TEH1_0.jpg,https://tech-labs.com/sites/default/files/product_images/M20015.jpg,https://tech-labs.com/sites/default/files/product_images/950-TNC1.jpg
38,Portable PLC Troubleshooting Learning System - AB CompactLogix,https://tech-labs.com/sites/default/files/Ignite-MasteringManufacturing_Amatrol_Web.pdf,https://tech-labs.com/sites/default/files/product_images/Amatrol-990-PABCL1F.jpg,https://tech-labs.com/sites/default/files/product_images/850-MT6B_10_basemodel.png,https://tech-labs.com/sites/default/files/product_images/85-MT6BA-19_detail_0.png,https://tech-labs.com/sites/default/files/product_images/85-MT6BA-Web-Header-700x479_0.jpg
39,Portable PLC Troubleshooting Learning System Siemens S7-1200,https://tech-labs.com/sites/default/files/Amatrol-Smart-Factory-2018.pdf,https://tech-labs.com/sites/default/files/product_images/990-PS712F_PortablePLCLS-S7-1200-wTrblshtg.jpg,https://tech-labs.com/sites/default/files/product_images/MM-2-6-533x400.jpg,https://tech-labs.com/sites/default/files/product_images/N17401-Electrical-Motor-Control.jpg,https://tech-labs.com/sites/default/files/product_images/AmatrolVirtualTrainers.jpg
40,Portable Pneumatics Learning System,,https://tech-labs.com/sites/default/files/product_images/990-PN1.png,https://tech-labs.com/sites/default/files/product_images/950-TEH1_2.jpg,https://tech-labs.com/sites/default/files/product_images/M20014_0.jpg,https://tech-labs.com/sites/default/files/product_images/950-TGC1%20_0.jpg
41,Portable Precision Gauging,,https://tech-labs.com/sites/default/files/product_images/990-PG1.png,https://tech-labs.com/sites/default/files/product_images/T7083.jpg,https://tech-labs.com/sites/default/files/product_images/T7082A.jpg,https://tech-labs.com/sites/default/files/product_images/thermal-landing-page-700-x-398.jpg
42,Refrigerant Recovery and Charging Learning Systems for R-410a,,https://tech-labs.com/sites/default/files/product_images/Amatrol-HVAC-T7032_0.jpg,https://tech-labs.com/sites/default/files/product_images/PD102.jpg,https://tech-labs.com/sites/default/files/product_images/PD101.jpg,https://tech-labs.com/sites/default/files/product_images/workplace_effectiveness.jpg
43,Residential Mini-Split Heat Pump Learning System,,https://tech-labs.com/sites/default/files/product_images/Amatrol-T7130.png,https://tech-labs.com/sites/default/files/product_images/950-STCL1-Solar-Thermal-Troubleshooting-Closed-Loop-zb-closeup1-Differential-Controller.jpg,https://tech-labs.com/sites/default/files/product_images/Amatrol-950-STCL1_1.png,https://tech-labs.com/sites/default/files/product_images/950-STCL1.jpg
44,Snap Gauge,,https://tech-labs.com/sites/default/files/product_images/99-PG2.png,https://tech-labs.com/sites/default/files/product_images/85-MT5-A.jpg,https://tech-labs.com/sites/default/files/product_images/M17401.jpg,https://tech-labs.com/sites/default/files/product_images/Amatrol-motor-control-training-system-85-MT5.jpg
45,Amatrol Alternative Energy Learning System,,https://tech-labs.com/sites/default/files/product_images/850-AEC.jpg,https://tech-labs.com/sites/default/files/product_images/Amatrol-Ignite-Mastering-Manufacturing-3.jpg,https://tech-labs.com/sites/default/files/product_images/Amatrol-Ignite-Mastering-Manufacturing-2.jpg,https://tech-labs.com/sites/default/files/product_images/Amatrol-Ignite-Mastering-Manufacturing.jpg
46,Amatrol Basic Hydraulic Troubleshooting Learning System 950-HTB1,,https://tech-labs.com/sites/default/files/product_images/950-HTB1-Web-Header-700x516.jpg,https://tech-labs.com/sites/default/files/product_images/workplace-first-aid-training-accident-response.jpg,https://tech-labs.com/sites/default/files/product_images/safety-courses.jpg,https://tech-labs.com/sites/default/files/product_images/amatrol-safety-training.png
47,Amatrol e-Learning,,https://tech-labs.com/sites/default/files/product_images/amatrol-elearning-nims-endorsed.jpg,https://tech-labs.com/sites/default/files/product_images/NIMS%20ITM%20Duty%202%20-%20Basic%20Mechanical%20Systems.jpg,https://tech-labs.com/sites/default/files/product_images/NIMS%20ITM%20Duty%201%20-%20Maintenance%20Operations.jpg,https://tech-labs.com/sites/default/files/product_images/Amatrol_NIMS-Industrial-Maintenance-Certification-Program.jpg
48,Amatrol Electrical Wiring Learning System,,https://tech-labs.com/sites/default/files/product_images/85-MT6BA-04.png,https://tech-labs.com/sites/default/files/product_images/AL-87_MS3_Sensor_1502_0.jpg,https://tech-labs.com/sites/default/files/product_images/87-MEEAB.jpg,https://tech-labs.com/sites/default/files/product_images/Smart-Factory-Mechatronics_Amatrol.jpg
49,Amatrol Hydraulic Maintenance Learning System,,https://tech-labs.com/sites/default/files/product_images/950-HM1-Web-Header-700x544.jpg,https://tech-labs.com/sites/default/files/product_images/M20011-Amatrol-WindConecpts-eLearning-2.jpg,https://tech-labs.com/sites/default/files/product_images/M20011-Amatrol-WindConecpts-eLearning.jpg,https://tech-labs.com/sites/default/files/product_images/950-WC1-Amatrol-WindConecpts-eLearning.jpg
50,Amatrol Industrial Soldering Learning System 85-MT6BB,,https://tech-labs.com/sites/default/files/product_images/85-MT6BB-Web-Header-700x438_0.jpg,,,
51,Amatrol Portable Hydraulics Training,,https://tech-labs.com/sites/default/files/product_images/990_BH1_Amatrol-Hydraulics-Learning-System.jpg,,,
52,Amatrol Portable Measurement Tools Learning System,,https://tech-labs.com/sites/default/files/product_images/990-MES1-Web-Header-700x443.jpg,,,
53,Amatrol Portable Mechanical Drives 1 Learning System 990-ME1,,https://tech-labs.com/sites/default/files/product_images/990-ME1-14.png,,,
54,Amatrol Portable Pneumatics Troubleshooting Learning System,,https://tech-labs.com/sites/default/files/product_images/990-PTB1-Web-Header-700x507.jpg,,,
55,Amatrol Portable Power and Control Electronics Learning System,,https://tech-labs.com/sites/default/files/product_images/990-ELE1-Web-Header-700x493.jpg,,,
56,Amatrol Skill Boss Logistics,,https://tech-labs.com/sites/default/files/product_images/Skill-Boss-Logistics-Amatrol-95-MSB3.png,,,
57,Amatrol Smart Factory Enterprise,,https://tech-labs.com/sites/default/files/product_images/SmartFactory-Elevated.jpg,,,
58,Amatrol Solar PV Troubleshooting Learning System,,https://tech-labs.com/sites/default/files/product_images/950-SPT1.jpg,,,
59,Amatrol Solar Thermal Open-Loop Troubleshooting Learning System,,https://tech-labs.com/sites/default/files/product_images/950-STOL1.jpg,,,
60,Amatrol Tabletop Mechatronics,,https://tech-labs.com/sites/default/files/product_images/870-PTAB10.png,,,
61,Amatrol Turbine Electric Hub Troubleshooting Learning System,,https://tech-labs.com/sites/default/files/product_images/950-TEH1.jpg,,,
62,Amatrol Turbine Nacelle Troubleshooting,,https://tech-labs.com/sites/default/files/product_images/950-TNC1.jpg,,,
63,Amatrol VFD/PLC Wiring Learning System 85-MT6BA,,https://tech-labs.com/sites/default/files/product_images/85-MT6BA-Web-Header-700x479_0.jpg,,,
64,Amatrol Virtual Trainers,,https://tech-labs.com/sites/default/files/product_images/AmatrolVirtualTrainers.jpg,,,
65,Amatrol Wind Turbine Generator Control System,,https://tech-labs.com/sites/default/files/product_images/950-TGC1%20_0.jpg,,,
66,Amatrol Workforce Training: Oil & Gas Maintenance,,https://tech-labs.com/sites/default/files/product_images/oil-gas-maintenance-trainer-1149.png,,,
67,Amatrol's Electronics Training Systems,,https://tech-labs.com/sites/default/files/product_images/electronics-landing-page-700-x-398.jpg,,,
68,Amatrol's Thermal Training Systems,,https://tech-labs.com/sites/default/files/product_images/thermal-landing-page-700-x-398.jpg,,,
69,Amatrol's Workplace Effectiveness Training,,https://tech-labs.com/sites/default/files/product_images/workplace_effectiveness.jpg,,,
70,Closed-Loop Solar Thermal Troubleshooting Training,,https://tech-labs.com/sites/default/files/product_images/950-STCL1.jpg,,,
71,Electric Motor Control Learning System,,https://tech-labs.com/sites/default/files/product_images/Amatrol-motor-control-training-system-85-MT5.jpg,,,
72,Fanuc Robot Integration Package,,https://tech-labs.com/sites/default/files/product_images/FANUC-guard.jpg,,,
73,IGNITE: Mastering Manufacturing,,https://tech-labs.com/sites/default/files/product_images/Amatrol-Ignite-Mastering-Manufacturing.jpg,,,
74,Industrial Workplace Safety Training,,https://tech-labs.com/sites/default/files/product_images/amatrol-safety-training.png,,,
75,Industry 4.0 Fundamentals (I4F),,https://tech-labs.com/sites/default/files/product_images/amatrol-I4F-training-chart-for-Smart-Factory-skills.jpg,,,
76,Mechanical Drives Learning Systems,,https://tech-labs.com/sites/default/files/product_images/TEP--970-ME1_930c.jpg,,,
77,NIMS Industrial Technology Maintenance (ITM),,https://tech-labs.com/sites/default/files/product_images/Amatrol_NIMS-Industrial-Maintenance-Certification-Program.jpg,,,
78,Refrigerant Recovery and Charging Learning Systems for R-134a,,https://tech-labs.com/sites/default/files/product_images/Amatrol-HVAC-T7031.jpg,,,
79,Residential Heat Pump Troubleshooting Training System,,https://tech-labs.com/sites/default/files/product_images/Amatrol-HVAC-T7100.png,,,
80,Smart Factory Training,,https://tech-labs.com/sites/default/files/product_images/Smart-Factory-Mechatronics_Amatrol.jpg,,,
81,Solar Concepts Learning System,,https://tech-labs.com/sites/default/files/product_images/Amatrol-950-SC1.jpg,,,
82,Welding Technology Learning System,,https://tech-labs.com/sites/default/files/product_images/950-WT1-Welding-Technology-1-Learning-System.jpg,,,
83,Wind Concepts Learning System,,https://tech-labs.com/sites/default/files/product_images/950-WC1-Amatrol-WindConecpts-eLearning.jpg,,,
