,modelname,category,productpdfurl,productimageurl,productimageurl2,productimageurl3,productimageurl4
0,Axial Compressor Model,,null,https://tech-labs.com/sites/default/files/product_images/DAC-211A.jpg,https://tech-labs.com/sites/default/files/product_images/DAC-211A-Front.jpg,https://tech-labs.com/sites/default/files/product_images/DAC-211A-Side.jpg,https://tech-labs.com/sites/default/files/product_images/DAC-211A.jpg
1,1-Phase Motor Control Training System with Magnetic Starter,,null,https://tech-labs.com/sites/default/files/product_images/DAC-Worldwide_421-000.jpg,null,null,https://tech-labs.com/sites/default/files/product_images/DAC-Worldwide_421-000.jpg
2,1-Phase Motor Control Training System with Manual Starter,,null,https://tech-labs.com/sites/default/files/product_images/DAC-Worldwide_420-000.jpg,null,null,https://tech-labs.com/sites/default/files/product_images/DAC-Worldwide_420-000.jpg
3,"100A, Single Pole Circuit Breaker Cutaway",,null,https://tech-labs.com/sites/default/files/product_images/DAC_273-907-Close.jpg,null,https://tech-labs.com/sites/default/files/product_images/DAC_273-907.jpg,https://tech-labs.com/sites/default/files/product_images/DAC_273-907-Close.jpg
4,3-Component Coupling Shaft Alignment Training System,,null,https://tech-labs.com/sites/default/files/product_images/DAC-206_0.jpg,null,null,https://tech-labs.com/sites/default/files/product_images/DAC-206_0.jpg
5,3-Component Coupling Shaft Alignment Training System Plus,,null,https://tech-labs.com/sites/default/files/product_images/DAC-206.jpg,null,null,https://tech-labs.com/sites/default/files/product_images/DAC-206.jpg
6,3-Phase Motor Control Training System with Magnetic Starter,,null,https://tech-labs.com/sites/default/files/product_images/DAC-Worldwide_423-000.jpg,null,null,https://tech-labs.com/sites/default/files/product_images/DAC-Worldwide_423-000.jpg
7,"3-Phase Motor Control Training System with Magnetic Starter, Low Voltage Star",,null,https://tech-labs.com/sites/default/files/product_images/DAC-Worldwide_424-000-right.jpg,https://tech-labs.com/sites/default/files/product_images/DAC-Worldwide_424-000.jpg,https://tech-labs.com/sites/default/files/product_images/DAC-Worldwide_424-000-left.jpg,https://tech-labs.com/sites/default/files/product_images/DAC-Worldwide_424-000-right.jpg
8,3-Phase Motor Control Training System with Manual Starter,,null,https://tech-labs.com/sites/default/files/product_images/DAC-Worldwide_422-000.jpg,null,null,https://tech-labs.com/sites/default/files/product_images/DAC-Worldwide_422-000.jpg
9,3-Variable Process Control Training System,,null,https://tech-labs.com/sites/default/files/product_images/DAC-601.jpg,null,https://tech-labs.com/sites/default/files/product_images/DAC-601_Back.jpg,https://tech-labs.com/sites/default/files/product_images/DAC-601.jpg
10,Furniture,,null,https://tech-labs.com/sites/default/files/product_images/W901SS01.jpg,https://tech-labs.com/sites/default/files/product_images/W911SS011.jpg,https://tech-labs.com/sites/default/files/product_images/w904ss04.jpg,https://tech-labs.com/sites/default/files/product_images/W901SS01.jpg
11,4-Variable Advanced Process Control Training System,,null,https://tech-labs.com/sites/default/files/product_images/603_dac_front.jpg,https://tech-labs.com/sites/default/files/product_images/603_dac_Left.jpg,https://tech-labs.com/sites/default/files/product_images/603_dac.jpg,https://tech-labs.com/sites/default/files/product_images/603_dac_front.jpg
12,AC Variable Frequency Drive Training System Plus,,null,https://tech-labs.com/sites/default/files/product_images/DAC-Worldwide_429E.jpg,null,null,https://tech-labs.com/sites/default/files/product_images/DAC-Worldwide_429E.jpg
13,ACR Liquid Line Filter/Drier Cutaway,,null,https://tech-labs.com/sites/default/files/product_images/DAC_373-601-Right.jpg,https://tech-labs.com/sites/default/files/product_images/DAC_373-601-Front.jpg,https://tech-labs.com/sites/default/files/product_images/DAC_373-601-Left.jpg,https://tech-labs.com/sites/default/files/product_images/DAC_373-601-Right.jpg
14,"ACR Liquid Line Filter/Drier Cutaway, Bi-Directional",,null,https://tech-labs.com/sites/default/files/product_images/DAC_373-602-Front.jpg,https://tech-labs.com/sites/default/files/product_images/DAC_373-602-Right.jpg,https://tech-labs.com/sites/default/files/product_images/DAC_373-602-Left.jpg,https://tech-labs.com/sites/default/files/product_images/DAC_373-602-Front.jpg
15,ACR Magnetic Check Valve Cutaway,,null,https://tech-labs.com/sites/default/files/product_images/DAC_373-510-Front.jpg,https://tech-labs.com/sites/default/files/product_images/DAC_373-510-Left.jpg,https://tech-labs.com/sites/default/files/product_images/DAC_373-510-FrontStand.jpg,https://tech-labs.com/sites/default/files/product_images/DAC_373-510-Front.jpg
16,ACR Manual Balancing Valve Cutaway,,null,https://tech-labs.com/sites/default/files/product_images/DAC_373-551_Front.jpg,https://tech-labs.com/sites/default/files/product_images/DAC_373-551_Right.jpg,https://tech-labs.com/sites/default/files/product_images/DAC_373-551_Left.jpg,https://tech-labs.com/sites/default/files/product_images/DAC_373-551_Front.jpg
17,"ACR Oil Separator Cutaway, Float-Type",,null,https://tech-labs.com/sites/default/files/product_images/DAC_373-721_Front.jpg,https://tech-labs.com/sites/default/files/product_images/DAC_373-721_Right.jpg,https://tech-labs.com/sites/default/files/product_images/DAC_373-721_Left.jpg,https://tech-labs.com/sites/default/files/product_images/DAC_373-721_Front.jpg
18,"ACR Oil Separator Cutaway, Helical-Type",,null,https://tech-labs.com/sites/default/files/product_images/DAC_373-722-Close.jpg,https://tech-labs.com/sites/default/files/product_images/DAC_373-722-Left.jpg,https://tech-labs.com/sites/default/files/product_images/DAC_373-722-Front.jpg,https://tech-labs.com/sites/default/files/product_images/DAC_373-722-Close.jpg
19,ACR Packless Diaphragm Line Valve Cutaway,,null,https://tech-labs.com/sites/default/files/product_images/DAC_373-503.jpg,https://tech-labs.com/sites/default/files/product_images/DAC_373-503_Right.jpg,https://tech-labs.com/sites/default/files/product_images/DAC_373-503_Left.jpg,https://tech-labs.com/sites/default/files/product_images/DAC_373-503.jpg
20,ACR Solenoid Valve Cutaway,,null,https://tech-labs.com/sites/default/files/product_images/DAC_373-502_Front.jpg,https://tech-labs.com/sites/default/files/product_images/DAC_373-502_Right.jpg,https://tech-labs.com/sites/default/files/product_images/DAC_373-502_Left.jpg,https://tech-labs.com/sites/default/files/product_images/DAC_373-502_Front.jpg
21,ACR Steel Ball Valve Cutaway,,null,https://tech-labs.com/sites/default/files/product_images/DAC_373-501-Front.jpg,https://tech-labs.com/sites/default/files/product_images/DAC_373-501-Right.jpg,https://tech-labs.com/sites/default/files/product_images/DAC_373-501-Left.jpg,https://tech-labs.com/sites/default/files/product_images/DAC_373-501-Front.jpg
22,ACR Straight-Thru Pressure Relief Valve Cutaway,,null,https://tech-labs.com/sites/default/files/product_images/DAC_373-506_Front.jpg,https://tech-labs.com/sites/default/files/product_images/DAC_373-506_Right.jpg,https://tech-labs.com/sites/default/files/product_images/DAC_373-506_Left.jpg,https://tech-labs.com/sites/default/files/product_images/DAC_373-506_Front.jpg
23,ACR Suction Line Accumulator Cutaway,,null,https://tech-labs.com/sites/default/files/product_images/DAC_373-701_MountedFront.jpg,https://tech-labs.com/sites/default/files/product_images/DAC_373-701_MountedSide2.jpg,https://tech-labs.com/sites/default/files/product_images/DAC_373-701_MountedSide.jpg,https://tech-labs.com/sites/default/files/product_images/DAC_373-701_MountedFront.jpg
24,"ACR Thermostatic Expansion Valve Cutaway, Fixed-Type",,null,https://tech-labs.com/sites/default/files/product_images/DAC_373-521_Front.jpg,https://tech-labs.com/sites/default/files/product_images/DAC_373-521_Left.jpg,https://tech-labs.com/sites/default/files/product_images/DAC_373-521_Right.jpg,https://tech-labs.com/sites/default/files/product_images/DAC_373-521_Front.jpg
25,Adjustable Oil Field Choke Valve Cutaway,,null,https://tech-labs.com/sites/default/files/product_images/DAC-295-711A-Close.jpg,https://tech-labs.com/sites/default/files/product_images/DAC-295-711A-Side.jpg,https://tech-labs.com/sites/default/files/product_images/DAC-295-711A-Front.jpg,https://tech-labs.com/sites/default/files/product_images/DAC-295-711A-Close.jpg
26,Advanced Bearing Maintenance Trainer,,null,https://tech-labs.com/sites/default/files/product_images/DAC-Worldwide_204E-000.jpg,null,https://tech-labs.com/sites/default/files/product_images/DAC-Worldwide_204E-000-2.jpg,https://tech-labs.com/sites/default/files/product_images/DAC-Worldwide_204E-000.jpg
27,Advanced Vibration Analysis Training System Plus,,null,https://tech-labs.com/sites/default/files/product_images/DAC-Worldwide_203E-PAC.jpg,null,https://tech-labs.com/sites/default/files/product_images/DAC-Worldwide_203E-PAC_Back.jpg,https://tech-labs.com/sites/default/files/product_images/DAC-Worldwide_203E-PAC.jpg
28,Air-Cooled (Fin-Fan) Heat Exchanger Model,,null,https://tech-labs.com/sites/default/files/product_images/DAC-283.jpg,null,null,https://tech-labs.com/sites/default/files/product_images/DAC-283.jpg
29,Air-Operated Diaphragm Pump Dissectible,,null,https://tech-labs.com/sites/default/files/product_images/DAC_275-180.jpg,null,null,https://tech-labs.com/sites/default/files/product_images/DAC_275-180.jpg
30,Angled Disc Butterfly Valve Cutaway,,null,https://tech-labs.com/sites/default/files/product_images/DAC-295-712.jpg,null,null,https://tech-labs.com/sites/default/files/product_images/DAC-295-712.jpg
31,Annular Tube Heat Exchanger Model,,null,https://tech-labs.com/sites/default/files/product_images/DAC-281.jpg,null,null,https://tech-labs.com/sites/default/files/product_images/DAC-281.jpg
32,ANSI Centrifugal Pump Dissectible (Goulds),,null,https://tech-labs.com/sites/default/files/product_images/DAC_275-100.jpg,null,null,https://tech-labs.com/sites/default/files/product_images/DAC_275-100.jpg
33,Barrel Choke Valve Cutaway,,null,https://tech-labs.com/sites/default/files/product_images/DAC-295-711.jpg,null,null,https://tech-labs.com/sites/default/files/product_images/DAC-295-711.jpg
34,Basic Coupling/Shaft Alignment Trainer,,null,https://tech-labs.com/sites/default/files/product_images/DAC-208_0.jpg,null,null,https://tech-labs.com/sites/default/files/product_images/DAC-208_0.jpg
35,Basic Coupling/Shaft Alignment Training System Plus,,null,https://tech-labs.com/sites/default/files/product_images/DAC-208.jpg,null,null,https://tech-labs.com/sites/default/files/product_images/DAC-208.jpg
36,null,,null,https://tech-labs.com/sites/default/files/product_images/DAC-208.jpg,null,null,https://tech-labs.com/sites/default/files/product_images/DAC-208.jpg
37,Basic Precision Measurement Kit 1,,null,https://tech-labs.com/sites/default/files/product_images/803-101.jpg,null,null,https://tech-labs.com/sites/default/files/product_images/803-101.jpg
38,Batch Continuous Distillation,,null,https://tech-labs.com/sites/default/files/product_images/Distillation-discontinue-et-continue-r%C3%A9gul%C3%A9e-supervis%C3%A9e-DVI3000.jpg,null,null,https://tech-labs.com/sites/default/files/product_images/Distillation-discontinue-et-continue-r%C3%A9gul%C3%A9e-supervis%C3%A9e-DVI3000.jpg
39,Bearing Maintenance Training System,,null,https://tech-labs.com/sites/default/files/product_images/DAC-Worldwide_204-000.jpg,null,null,https://tech-labs.com/sites/default/files/product_images/DAC-Worldwide_204-000.jpg
40,Bearing Maintenance Training System Plus,,null,https://tech-labs.com/sites/default/files/product_images/DAC-Worldwide_204E-PAC.jpg,null,null,https://tech-labs.com/sites/default/files/product_images/DAC-Worldwide_204E-PAC.jpg
41,Bearing Maintenance Training System Plus,,null,https://tech-labs.com/sites/default/files/product_images/DAC-Worldwide_204E-PAC.jpg,null,null,https://tech-labs.com/sites/default/files/product_images/DAC-Worldwide_204E-PAC.jpg
42,Bearing Sample Board,,null,https://tech-labs.com/sites/default/files/product_images/P835SS02_0.png,null,https://tech-labs.com/sites/default/files/product_images/835-PAC.jpg,https://tech-labs.com/sites/default/files/product_images/P835SS02_0.png
43,Belt Drive Training System,,null,https://tech-labs.com/sites/default/files/product_images/DAC-Worldwide_201-000-Left.jpg,https://tech-labs.com/sites/default/files/product_images/DAC-Worldwide_201-000-Front.jpg,https://tech-labs.com/sites/default/files/product_images/DAC-Worldwide_201-000-Right.jpg,https://tech-labs.com/sites/default/files/product_images/DAC-Worldwide_201-000-Left.jpg
44,Belt Drive Training System Plus,,null,https://tech-labs.com/sites/default/files/product_images/DAC-Worldwide_201-PAC_Back.jpg,https://tech-labs.com/sites/default/files/product_images/DAC-Worldwide_201-PAC_Back-Left.jpg,https://tech-labs.com/sites/default/files/product_images/DAC-Worldwide_201-PAC_Back2.jpg,https://tech-labs.com/sites/default/files/product_images/DAC-Worldwide_201-PAC_Back.jpg
45,Belt Sample Board,,null,https://tech-labs.com/sites/default/files/product_images/837-PAC.jpg,null,null,https://tech-labs.com/sites/default/files/product_images/837-PAC.jpg
46,Benchtop Gas-Liquid Absorption,,null,https://tech-labs.com/sites/default/files/product_images/Pignat-DAC-Worldwide-ABS100.jpg,null,null,https://tech-labs.com/sites/default/files/product_images/Pignat-DAC-Worldwide-ABS100.jpg
47,Bladder Accumulator Cutaway,,null,https://tech-labs.com/sites/default/files/product_images/DAC_773-195-Side2.jpg,https://tech-labs.com/sites/default/files/product_images/DAC_773-195.jpg,https://tech-labs.com/sites/default/files/product_images/DAC_773-195-Side.jpg,https://tech-labs.com/sites/default/files/product_images/DAC_773-195-Side2.jpg
48,Blowout Preventer (BOP) Cutaway,,null,https://tech-labs.com/sites/default/files/product_images/DAC-295-716.jpg,null,null,https://tech-labs.com/sites/default/files/product_images/DAC-295-716.jpg
49,Boiler Tube Maintenance Training System Plus,,null,https://tech-labs.com/sites/default/files/product_images/DAC-Worldwide-240-PAC.jpg,null,null,https://tech-labs.com/sites/default/files/product_images/DAC-Worldwide-240-PAC.jpg
50,Boiler Tube Trainer,,null,https://tech-labs.com/sites/default/files/product_images/DAC-Worldwide-240-000.jpg,null,null,https://tech-labs.com/sites/default/files/product_images/DAC-Worldwide-240-000.jpg
51,Brake Clutch Trainer,,null,https://tech-labs.com/sites/default/files/product_images/DAC-220_0.jpg,https://tech-labs.com/sites/default/files/product_images/DAC-220-2_0.jpg,https://tech-labs.com/sites/default/files/product_images/DAC-220-1_0.jpg,https://tech-labs.com/sites/default/files/product_images/DAC-220_0.jpg
52,Brake Clutch Training System Plus,,null,https://tech-labs.com/sites/default/files/product_images/DAC-220.jpg,https://tech-labs.com/sites/default/files/product_images/DAC-220-2.jpg,https://tech-labs.com/sites/default/files/product_images/DAC-220-1.jpg,https://tech-labs.com/sites/default/files/product_images/DAC-220.jpg
53,"Canned Sealless, Centrifugal Pump Dissectible",,null,https://tech-labs.com/sites/default/files/product_images/DAC_275-140.jpg,null,null,https://tech-labs.com/sites/default/files/product_images/DAC_275-140.jpg
54,Ceiling Unit Cooler System Cutaway,,null,https://tech-labs.com/sites/default/files/product_images/DAC_373-991-UpRight.jpg,https://tech-labs.com/sites/default/files/product_images/DAC_373-991-Left.jpg,https://tech-labs.com/sites/default/files/product_images/DAC_373-991-Front.jpg,https://tech-labs.com/sites/default/files/product_images/DAC_373-991-UpRight.jpg
55,Centrifugal Clutch Cutaway,,null,https://tech-labs.com/sites/default/files/product_images/DAC_200-2204_Front.jpg,https://tech-labs.com/sites/default/files/product_images/DAC_200-2204_Right.jpg,https://tech-labs.com/sites/default/files/product_images/DAC_200-2204_Left.jpg,https://tech-labs.com/sites/default/files/product_images/DAC_200-2204_Front.jpg
56,Centrifugal Compressor Model,,null,https://tech-labs.com/sites/default/files/product_images/DAC-211A_0.jpg,https://tech-labs.com/sites/default/files/product_images/DAC-211A-Side_0.jpg,https://tech-labs.com/sites/default/files/product_images/DAC-211A-Front_0.jpg,https://tech-labs.com/sites/default/files/product_images/DAC-211A_0.jpg
57,Chain Drive Training System,,null,https://tech-labs.com/sites/default/files/product_images/DAC-223_0.jpg,null,null,https://tech-labs.com/sites/default/files/product_images/DAC-223_0.jpg
58,Chain Drive Training System Plus,,null,https://tech-labs.com/sites/default/files/product_images/DAC-223.jpg,null,null,https://tech-labs.com/sites/default/files/product_images/DAC-223.jpg
59,Chain Sample Board,,null,https://tech-labs.com/sites/default/files/product_images/838-PAC.jpg,null,null,https://tech-labs.com/sites/default/files/product_images/838-PAC.jpg
60,Circuit Breaker Cutaway Set,,null,https://tech-labs.com/sites/default/files/product_images/DAC-273-906.jpg,null,null,https://tech-labs.com/sites/default/files/product_images/DAC-273-906.jpg
61,Clip Valve Cutaway,,null,https://tech-labs.com/sites/default/files/product_images/DAC-295-714-Right.jpg,https://tech-labs.com/sites/default/files/product_images/DAC-295-714-Front.jpg,https://tech-labs.com/sites/default/files/product_images/DAC-295-714-Left.jpg,https://tech-labs.com/sites/default/files/product_images/DAC-295-714-Right.jpg
62,"Compound, Cumulatively Wound, DC Motor Training System",,null,https://tech-labs.com/sites/default/files/product_images/DAC-Worldwide_416-000.jpg,null,null,https://tech-labs.com/sites/default/files/product_images/DAC-Worldwide_416-000.jpg
63,Compressor Inlet Unloader Valve Replica,,null,https://tech-labs.com/sites/default/files/product_images/DAC-211-003.jpg,null,https://tech-labs.com/sites/default/files/product_images/DAC-211-003-parts.jpg,https://tech-labs.com/sites/default/files/product_images/DAC-211-003.jpg
64,Compressor Outlet Channel Valve Replica,,null,https://tech-labs.com/sites/default/files/product_images/DAC-211-004.jpg,null,https://tech-labs.com/sites/default/files/product_images/DAC-211-004-Parts.jpg,https://tech-labs.com/sites/default/files/product_images/DAC-211-004.jpg
65,Compressor Service King Valve Cutaway,,null,https://tech-labs.com/sites/default/files/product_images/DAC_373-195_Front.jpg,https://tech-labs.com/sites/default/files/product_images/DAC_373-195_Right.jpg,https://tech-labs.com/sites/default/files/product_images/DAC_373-195_Left.jpg,https://tech-labs.com/sites/default/files/product_images/DAC_373-195_Front.jpg
66,Computerized Chemical Reactor,,null,https://tech-labs.com/sites/default/files/product_images/Pignat-DAC-Worldwide-REA3000.jpg,null,https://tech-labs.com/sites/default/files/product_images/Pignat-DAC-Worldwide-REA3000-board.jpg,https://tech-labs.com/sites/default/files/product_images/Pignat-DAC-Worldwide-REA3000.jpg
67,Condenser Pressure Control Valve Cutaway (KVR),,null,https://tech-labs.com/sites/default/files/product_images/DAC_373-519_Front.jpg,https://tech-labs.com/sites/default/files/product_images/DAC_373-519_Right.jpg,https://tech-labs.com/sites/default/files/product_images/DAC_373-519_Left.jpg,https://tech-labs.com/sites/default/files/product_images/DAC_373-519_Front.jpg
68,Continuous Distillation,,null,https://tech-labs.com/sites/default/files/product_images/Mini-distillation-continue-DVI100.jpg,null,https://tech-labs.com/sites/default/files/product_images/Mini-distillation-continue-sur-table-DVI100.jpg,https://tech-labs.com/sites/default/files/product_images/Mini-distillation-continue-DVI100.jpg
69,Control Valve Dissectible,,null,https://tech-labs.com/sites/default/files/product_images/DAC_255.jpg,null,null,https://tech-labs.com/sites/default/files/product_images/DAC_255.jpg
70,Controlled Absorption & Regeneration Unit,,null,https://tech-labs.com/sites/default/files/product_images/Pignat-DAC-Worldwide-ABR3000_main.jpg,null,https://tech-labs.com/sites/default/files/product_images/Pignat-DAC-Worldwide-ABR3000.jpg,https://tech-labs.com/sites/default/files/product_images/Pignat-DAC-Worldwide-ABR3000_main.jpg
71,Controlled Distillation Unit,,null,https://tech-labs.com/sites/default/files/product_images/OTPDC.jpg,null,null,https://tech-labs.com/sites/default/files/product_images/OTPDC.jpg
72,Coupling Sample Board,,null,https://tech-labs.com/sites/default/files/product_images/DAC_839-PAC_Front.jpg,https://tech-labs.com/sites/default/files/product_images/DAC_839-PAC_Side.jpg,https://tech-labs.com/sites/default/files/product_images/DAC_839-PAC_Mounted.jpg,https://tech-labs.com/sites/default/files/product_images/DAC_839-PAC_Front.jpg
73,Coupling/Shaft Alignment Plus,,null,https://tech-labs.com/sites/default/files/product_images/DAC-208_1.jpg,null,null,https://tech-labs.com/sites/default/files/product_images/DAC-208_1.jpg
74,Coupling/Shaft Alignment Trainer,,null,https://tech-labs.com/sites/default/files/product_images/DAC-208_2.jpg,null,null,https://tech-labs.com/sites/default/files/product_images/DAC-208_2.jpg
75,Crude Oil Desalter Model,,null,https://tech-labs.com/sites/default/files/product_images/DAC-295-501-front.jpg,https://tech-labs.com/sites/default/files/product_images/DAC-295-501-side2.jpg,https://tech-labs.com/sites/default/files/product_images/DAC-295-501-side.jpg,https://tech-labs.com/sites/default/files/product_images/DAC-295-501-front.jpg
76,Cycloidal Gear Reducer Cutaway,,null,https://tech-labs.com/sites/default/files/product_images/DAC_205-270.jpg,https://tech-labs.com/sites/default/files/product_images/DAC_205-270-Left.jpg,https://tech-labs.com/sites/default/files/product_images/DAC_205-270-Back.jpg,https://tech-labs.com/sites/default/files/product_images/DAC_205-270.jpg
77,Cycloidal Gear Reducer Dissectible,,null,https://tech-labs.com/sites/default/files/product_images/DAC_205-170.jpg,null,null,https://tech-labs.com/sites/default/files/product_images/DAC_205-170.jpg
78,Diaphragm Dump Valve Cutaway,,null,https://tech-labs.com/sites/default/files/product_images/DAC-295-702-left.jpg,https://tech-labs.com/sites/default/files/product_images/DAC-295-702-right.jpg,https://tech-labs.com/sites/default/files/product_images/DAC-295-702-front.jpg,https://tech-labs.com/sites/default/files/product_images/DAC-295-702-left.jpg
79,"Diaphragm Pump, Pulsa Dissectible",,null,https://tech-labs.com/sites/default/files/product_images/DAC_275-170.jpg,null,null,https://tech-labs.com/sites/default/files/product_images/DAC_275-170.jpg
80,"Dissectible Double-Suction, Split-Case Centrifugal Pump",,null,null,null,null,null
81,Distillation Column Model,,null,https://tech-labs.com/sites/default/files/product_images/DAC_290-1.jpg,https://tech-labs.com/sites/default/files/product_images/DAC_290-3.jpg,https://tech-labs.com/sites/default/files/product_images/DAC_290-2.jpg,https://tech-labs.com/sites/default/files/product_images/DAC_290-1.jpg
82,Downsized Horizontal Multi-Stage Centrifugal Pump Dissectible,,null,null,null,null,null
83,Downsized Right Angle Spiral Bevel Gear Reducer Cutaway,,null,https://tech-labs.com/sites/default/files/product_images/DAC_205-220D_Front.jpg,null,https://tech-labs.com/sites/default/files/product_images/DAC_205-220D_Close.jpg,https://tech-labs.com/sites/default/files/product_images/DAC_205-220D_Front.jpg
84,"Dual Element, Time-Delay Fuse Cutaway",,null,https://tech-labs.com/sites/default/files/product_images/DAC-273-960.jpg,null,null,https://tech-labs.com/sites/default/files/product_images/DAC-273-960.jpg
85,Enhanced Control Valve Dissectible,,null,https://tech-labs.com/sites/default/files/product_images/DAC_255KE.jpg,null,null,https://tech-labs.com/sites/default/files/product_images/DAC_255KE.jpg
86,Extended Dissectible Valve Assortment,,null,null,null,null,null
87,Extended PLC Trainer,,null,https://tech-labs.com/sites/default/files/product_images/DAC-Worldwide_464E.jpg,null,null,https://tech-labs.com/sites/default/files/product_images/DAC-Worldwide_464E.jpg
88,Extended Vibration Analysis Training System,,null,https://tech-labs.com/sites/default/files/product_images/DAC-Worldwide_203E.jpg,null,https://tech-labs.com/sites/default/files/product_images/DAC-Worldwide_203E_Back.jpg,https://tech-labs.com/sites/default/files/product_images/DAC-Worldwide_203E.jpg
89,Extended Wellhead Assembly Cutaway,,null,https://tech-labs.com/sites/default/files/product_images/DAC-295-795E.jpg,https://tech-labs.com/sites/default/files/product_images/DAC-295-795E-details2.jpg,https://tech-labs.com/sites/default/files/product_images/DAC-295-795E-details.jpg,https://tech-labs.com/sites/default/files/product_images/DAC-295-795E.jpg
90,External Gear Pump Dissectible,,null,https://tech-labs.com/sites/default/files/product_images/DAC_275-135-1.jpg,https://tech-labs.com/sites/default/files/product_images/DAC_205-150_3_0.jpg,https://tech-labs.com/sites/default/files/product_images/DAC_275-135-2.jpg,https://tech-labs.com/sites/default/files/product_images/DAC_275-135-1.jpg
91,Fan Balancing Trainer,,null,https://tech-labs.com/sites/default/files/product_images/DAC-Worldwide_202-000.jpg,null,null,https://tech-labs.com/sites/default/files/product_images/DAC-Worldwide_202-000.jpg
92,Fan Balancing Training System Plus,,null,https://tech-labs.com/sites/default/files/product_images/DAC-Worldwide_202-PAC.jpg,null,null,https://tech-labs.com/sites/default/files/product_images/DAC-Worldwide_202-PAC.jpg
93,Fire Tube Boiler Model,,null,https://tech-labs.com/sites/default/files/product_images/DAC-356-Front.jpg,null,https://tech-labs.com/sites/default/files/product_images/DAC-356-Left.jpg,https://tech-labs.com/sites/default/files/product_images/DAC-356-Front.jpg
94,Fired Heater Model,,null,https://tech-labs.com/sites/default/files/product_images/DAC-291.jpg,https://tech-labs.com/sites/default/files/product_images/DAC-291_3.jpg,https://tech-labs.com/sites/default/files/product_images/DAC-291_2.jpg,https://tech-labs.com/sites/default/files/product_images/DAC-291.jpg
95,Fixed Head Bulk Storage Tank Model,,null,https://tech-labs.com/sites/default/files/product_images/DAC_295-203-4.jpg,https://tech-labs.com/sites/default/files/product_images/DAC_295-203-1.jpg,https://tech-labs.com/sites/default/files/product_images/DAC_295-203-2.jpg,https://tech-labs.com/sites/default/files/product_images/DAC_295-203-4.jpg
96,Flange Bolt Torquing,,null,https://tech-labs.com/sites/default/files/product_images/DAC-226-000.jpg,null,null,https://tech-labs.com/sites/default/files/product_images/DAC-226-000.jpg
97,Flange Bolt Torquing Trainer,,null,https://tech-labs.com/sites/default/files/product_images/DAC_225.jpg,null,null,https://tech-labs.com/sites/default/files/product_images/DAC_225.jpg
98,Flange Bolt Torquing Training System Plus,,null,https://tech-labs.com/sites/default/files/product_images/DAC_225_0.jpg,null,null,https://tech-labs.com/sites/default/files/product_images/DAC_225_0.jpg
99,Flange Sample Board,,null,https://tech-labs.com/sites/default/files/product_images/DAC_864-PAC_Front.jpg,https://tech-labs.com/sites/default/files/product_images/DAC_864-PAC_Right.jpg,https://tech-labs.com/sites/default/files/product_images/DAC_864-PAC_Left.jpg,https://tech-labs.com/sites/default/files/product_images/DAC_864-PAC_Front.jpg
100,Flare System Model,,null,https://tech-labs.com/sites/default/files/product_images/DAC_294-1.jpg,https://tech-labs.com/sites/default/files/product_images/DAC_294-3.jpg,https://tech-labs.com/sites/default/files/product_images/DAC_294-2.jpg,https://tech-labs.com/sites/default/files/product_images/DAC_294-1.jpg
101,Floating Ball Valve Cutaway,,null,https://tech-labs.com/sites/default/files/product_images/DAC-295-753.jpg,null,https://tech-labs.com/sites/default/files/product_images/DAC-295-753-detail.jpg,https://tech-labs.com/sites/default/files/product_images/DAC-295-753.jpg
102,Floating Head Bulk Storage Tank Model,,null,https://tech-labs.com/sites/default/files/product_images/DAC_295-202-1.jpg,https://tech-labs.com/sites/default/files/product_images/DAC_295-202-3.jpg,https://tech-labs.com/sites/default/files/product_images/DAC_295-202-2.jpg,https://tech-labs.com/sites/default/files/product_images/DAC_295-202-1.jpg
103,Flow of Fluids Unit (Continuous Reactors),,null,https://tech-labs.com/sites/default/files/product_images/Pignat-DAC-Worldwide-RAP4000.jpg,null,https://tech-labs.com/sites/default/files/product_images/Pignat-DAC-Worldwide-RAP4000-board.jpg,https://tech-labs.com/sites/default/files/product_images/Pignat-DAC-Worldwide-RAP4000.jpg
104,Fluid Coupling Cutaway,,null,https://tech-labs.com/sites/default/files/product_images/DAC_200-2082_Left.jpg,null,https://tech-labs.com/sites/default/files/product_images/DAC_200-2082_Front.jpg,https://tech-labs.com/sites/default/files/product_images/DAC_200-2082_Left.jpg
105,Fluid Coupling Replica,,null,https://tech-labs.com/sites/default/files/product_images/DAC_208-110-5.jpg,https://tech-labs.com/sites/default/files/product_images/DAC_208-110-2.jpg,https://tech-labs.com/sites/default/files/product_images/DAC_208-110-1.jpg,https://tech-labs.com/sites/default/files/product_images/DAC_208-110-5.jpg
106,Fuse Sample Board,,null,https://tech-labs.com/sites/default/files/product_images/DAC_816-PAC_Front.jpg,null,https://tech-labs.com/sites/default/files/product_images/DAC_816-PAC_Side.jpg,https://tech-labs.com/sites/default/files/product_images/DAC_816-PAC_Front.jpg
107,Gas Turbine Model,,null,https://tech-labs.com/sites/default/files/product_images/DAC_295-301-4.jpg,https://tech-labs.com/sites/default/files/product_images/DAC_295-301-2.jpg,https://tech-labs.com/sites/default/files/product_images/DAC_295-301-1.jpg,https://tech-labs.com/sites/default/files/product_images/DAC_295-301-4.jpg
108,Gas-Liquid Absorption,,null,https://tech-labs.com/sites/default/files/product_images/Pignat-DAC-Worldwide-ABS2000.jpg,null,null,https://tech-labs.com/sites/default/files/product_images/Pignat-DAC-Worldwide-ABS2000.jpg
109,Gate Valve Dissectible,,null,null,null,null,null
110,Gear Maintenance Training System,,null,https://tech-labs.com/sites/default/files/product_images/DAC-Worldwide_205-000.jpg,null,null,https://tech-labs.com/sites/default/files/product_images/DAC-Worldwide_205-000.jpg
111,Gear Maintenance Training System Plus,,null,https://tech-labs.com/sites/default/files/product_images/DAC-Worldwide_205-PAC.jpg,null,null,https://tech-labs.com/sites/default/files/product_images/DAC-Worldwide_205-PAC.jpg
112,Gear Sample Board,,null,https://tech-labs.com/sites/default/files/product_images/836-PAC.jpg,null,null,https://tech-labs.com/sites/default/files/product_images/836-PAC.jpg
113,Hammer Union Cutaway,,null,https://tech-labs.com/sites/default/files/product_images/DAC-295-708-Front.jpg,https://tech-labs.com/sites/default/files/product_images/DAC-295-708-right.jpg,https://tech-labs.com/sites/default/files/product_images/DAC-295-708-left.jpg,https://tech-labs.com/sites/default/files/product_images/DAC-295-708-Front.jpg
114,Heat Exchanger Maintenance Training System,,null,https://tech-labs.com/sites/default/files/product_images/DAC-Worldwide-238-000.jpg,null,null,https://tech-labs.com/sites/default/files/product_images/DAC-Worldwide-238-000.jpg
115,Heat Exchanger Process Control Trainer,,null,https://tech-labs.com/sites/default/files/product_images/DAC-Worldwide-607D_0.jpg,null,null,https://tech-labs.com/sites/default/files/product_images/DAC-Worldwide-607D_0.jpg
116,Heat Pump Reversing Valve Cutaway,,null,https://tech-labs.com/sites/default/files/product_images/DAC_373-505-Front.jpg,https://tech-labs.com/sites/default/files/product_images/DAC_373-505-Right.jpg,https://tech-labs.com/sites/default/files/product_images/DAC_373-505-Left.jpg,https://tech-labs.com/sites/default/files/product_images/DAC_373-505-Front.jpg
117,Hermetic Compressor Cutaway,,null,https://tech-labs.com/sites/default/files/product_images/DAC-373-110.jpg,https://tech-labs.com/sites/default/files/product_images/DAC-373-110-Left.jpg,https://tech-labs.com/sites/default/files/product_images/DAC-373-110-Top.jpg,https://tech-labs.com/sites/default/files/product_images/DAC-373-110.jpg
118,Hermetic Rotary Compressor Cutaway,,null,https://tech-labs.com/sites/default/files/product_images/DAC_373-160_Right.jpg,https://tech-labs.com/sites/default/files/product_images/DAC_373-160_Fronta.jpg,https://tech-labs.com/sites/default/files/product_images/DAC_373-160_Left.jpg,https://tech-labs.com/sites/default/files/product_images/DAC_373-160_Right.jpg
119,Hermetic Scroll Refrigeration Compressor Cutaway,,null,https://tech-labs.com/sites/default/files/product_images/DAC_373-130_Front.jpg,https://tech-labs.com/sites/default/files/product_images/DAC_373-130_Side.jpg,https://tech-labs.com/sites/default/files/product_images/DAC_373-130_Back.jpg,https://tech-labs.com/sites/default/files/product_images/DAC_373-130_Front.jpg
120,Hose and Coupling Sample Board,,null,https://tech-labs.com/sites/default/files/product_images/868-PAC.jpg,null,https://tech-labs.com/sites/default/files/product_images/P868_SL01_675x1013_0.png,https://tech-labs.com/sites/default/files/product_images/868-PAC.jpg
121,Hydraulic Component Cutaway Set,,null,https://tech-labs.com/sites/default/files/product_images/DAC-701.jpg,null,https://tech-labs.com/sites/default/files/product_images/DAC-701-Side.jpg,https://tech-labs.com/sites/default/files/product_images/DAC-701.jpg
122,Hydraulic Diaphragm Pump Dissectible,,null,https://tech-labs.com/sites/default/files/product_images/DAC_275-130.jpg,null,null,https://tech-labs.com/sites/default/files/product_images/DAC_275-130.jpg
123,Hydraulic Manual Flow Control Valve Cutaway,,null,https://tech-labs.com/sites/default/files/product_images/DAC_773-210V-Front.jpg,https://tech-labs.com/sites/default/files/product_images/DAC_773-210V-Right.jpg,https://tech-labs.com/sites/default/files/product_images/DAC_773-210V-Left.jpg,https://tech-labs.com/sites/default/files/product_images/DAC_773-210V-Front.jpg
124,In-Line Friction-Type Pneumatic Clutch Cutaway,,null,https://tech-labs.com/sites/default/files/product_images/DAC_200-2202_Front.jpg,https://tech-labs.com/sites/default/files/product_images/DAC_200-2202_Right.jpg,https://tech-labs.com/sites/default/files/product_images/DAC_200-2202_Left.jpg,https://tech-labs.com/sites/default/files/product_images/DAC_200-2202_Front.jpg
125,In-Line Helical Gear Reducer Cutaway,,null,https://tech-labs.com/sites/default/files/product_images/DAC_205-230.jpg,https://tech-labs.com/sites/default/files/product_images/DAC_205-230_Right.jpg,https://tech-labs.com/sites/default/files/product_images/DAC_205-230_Left.jpg,https://tech-labs.com/sites/default/files/product_images/DAC_205-230.jpg
126,In-Line Helical Gear Reducer Dissectible,,null,https://tech-labs.com/sites/default/files/product_images/DAC_205-130.jpg,null,null,https://tech-labs.com/sites/default/files/product_images/DAC_205-130.jpg
127,In-Line Multiple-Reduction Helical Gear Reducer Cutaway,,null,https://tech-labs.com/sites/default/files/product_images/DAC_205-255_Front.jpg,https://tech-labs.com/sites/default/files/product_images/DAC_205-255_Right.jpg,https://tech-labs.com/sites/default/files/product_images/DAC_205-255_Left.jpg,https://tech-labs.com/sites/default/files/product_images/DAC_205-255_Front.jpg
128,In-Line Planetary Gear Reducer Cutaway,,null,https://tech-labs.com/sites/default/files/product_images/DAC_205-285_Front.jpg,https://tech-labs.com/sites/default/files/product_images/DAC_205-285_Left.jpg,https://tech-labs.com/sites/default/files/product_images/DAC_205-285_Close.jpg,https://tech-labs.com/sites/default/files/product_images/DAC_205-285_Front.jpg
129,Induced Draft Cooling Tower Model,,null,https://tech-labs.com/sites/default/files/product_images/DAC-298-Side.jpg,https://tech-labs.com/sites/default/files/product_images/DAC-298-Close.jpg,https://tech-labs.com/sites/default/files/product_images/DAC-298-Front.jpg,https://tech-labs.com/sites/default/files/product_images/DAC-298-Side.jpg
130,Industrial Circuit Breaker Cutaway,,null,https://tech-labs.com/sites/default/files/product_images/DAC-273-905.jpg,null,null,https://tech-labs.com/sites/default/files/product_images/DAC-273-905.jpg
131,Journal and Fluid-Film Bearing Trainer,,null,https://tech-labs.com/sites/default/files/product_images/DAC-Worldwide_204J-000.jpg,https://tech-labs.com/sites/default/files/product_images/DAC-Worldwide_204J-000-Right.jpg,https://tech-labs.com/sites/default/files/product_images/DAC-Worldwide_204J-000-Left.jpg,https://tech-labs.com/sites/default/files/product_images/DAC-Worldwide_204J-000.jpg
132,Journal and Fluid-Film Bearing Training System Plus,,null,https://tech-labs.com/sites/default/files/product_images/DAC-Worldwide_204J-PAC.jpg,https://tech-labs.com/sites/default/files/product_images/DAC-Worldwide_204J-PAC-Right.jpg,https://tech-labs.com/sites/default/files/product_images/DAC-Worldwide_204J-PAC-Left.jpg,https://tech-labs.com/sites/default/files/product_images/DAC-Worldwide_204J-PAC.jpg
133,Kettle Type Reboiler Heat Exchanger Training Model,,null,https://tech-labs.com/sites/default/files/product_images/DAC-288-Angle2.jpg,https://tech-labs.com/sites/default/files/product_images/DAC-288.jpg,https://tech-labs.com/sites/default/files/product_images/DAC-288-Angle.jpg,https://tech-labs.com/sites/default/files/product_images/DAC-288-Angle2.jpg
134,Kingsbury Thrust Bearing Model,,null,https://tech-labs.com/sites/default/files/product_images/dac_209-a.jpg,null,https://tech-labs.com/sites/default/files/product_images/dac_209-u.jpg,https://tech-labs.com/sites/default/files/product_images/dac_209-a.jpg
135,Lease Automatic Custody Transfer (LACT) Component Cutaway & Demonstration Package,,null,null,null,null,null
136,Lever-Operated Dump Valve Cutaway,,null,https://tech-labs.com/sites/default/files/product_images/DAC-295-705.jpg,https://tech-labs.com/sites/default/files/product_images/DAC-295-705-side.jpg,https://tech-labs.com/sites/default/files/product_images/DAC-295-705-front.jpg,https://tech-labs.com/sites/default/files/product_images/DAC-295-705.jpg
137,"Lift Check Valve Cutaway, Oilfield-Type",,null,https://tech-labs.com/sites/default/files/product_images/DAC-295-717.jpg,null,null,https://tech-labs.com/sites/default/files/product_images/DAC-295-717.jpg
138,Linear Drives Training System,,null,https://tech-labs.com/sites/default/files/product_images/DAC_221-000-FULL.jpg,null,https://tech-labs.com/sites/default/files/product_images/DAC_221-000.jpg,https://tech-labs.com/sites/default/files/product_images/DAC_221-000-FULL.jpg
139,Liquid Level Gauge Sample Dissectible,,null,https://tech-labs.com/sites/default/files/product_images/DAC_272-475.jpg,null,null,https://tech-labs.com/sites/default/files/product_images/DAC_272-475.jpg
140,LNG Spherical Storage Tank Model,,null,https://tech-labs.com/sites/default/files/product_images/DAC_295-201-2.jpg,https://tech-labs.com/sites/default/files/product_images/DAC_295-201-3.jpg,https://tech-labs.com/sites/default/files/product_images/DAC_295-201-1.jpg,https://tech-labs.com/sites/default/files/product_images/DAC_295-201-2.jpg
141,Lobe Pump Dissectible,,null,https://tech-labs.com/sites/default/files/product_images/DAC_275-136-2.jpg,https://tech-labs.com/sites/default/files/product_images/DAC_275-136-1.jpg,https://tech-labs.com/sites/default/files/product_images/DAC_275-136-4.jpg,https://tech-labs.com/sites/default/files/product_images/DAC_275-136-2.jpg
142,Lock-Out/Tag-Out Training System,,null,https://tech-labs.com/sites/default/files/product_images/DAC-Worldwide-811-000-Front.jpg,https://tech-labs.com/sites/default/files/product_images/DAC-Worldwide-811-000-Left.jpg,https://tech-labs.com/sites/default/files/product_images/DAC-Worldwide-811-000-Back.jpg,https://tech-labs.com/sites/default/files/product_images/DAC-Worldwide-811-000-Front.jpg
143,Low-Temperature Separator Model,,null,https://tech-labs.com/sites/default/files/product_images/DAC-295-110-2.jpg,https://tech-labs.com/sites/default/files/product_images/DAC-295-110-2_0.jpg,https://tech-labs.com/sites/default/files/product_images/DAC_295-110-1.jpg,https://tech-labs.com/sites/default/files/product_images/DAC-295-110-2.jpg
144,Magnetic Drive Centrifugal Pump Dissectible,,null,https://tech-labs.com/sites/default/files/product_images/DAC_275-150.jpg,null,null,https://tech-labs.com/sites/default/files/product_images/DAC_275-150.jpg
145,Magnetic Motor Starter Cutaway,,null,https://tech-labs.com/sites/default/files/product_images/DAC-273-910.jpg,null,null,https://tech-labs.com/sites/default/files/product_images/DAC-273-910.jpg
146,Mechanical Fasteners Sample Board,,null,https://tech-labs.com/sites/default/files/product_images/805-PAC.jpg,null,null,https://tech-labs.com/sites/default/files/product_images/805-PAC.jpg
147,Mechanical Speed Variator Dissectible,,null,https://tech-labs.com/sites/default/files/product_images/DAC_205-190.jpg,null,https://tech-labs.com/sites/default/files/product_images/DAC_205-190_0.jpg,https://tech-labs.com/sites/default/files/product_images/DAC_205-190.jpg
148,Motor Load Option,,null,https://tech-labs.com/sites/default/files/product_images/DAC-Worldwide_419-000.jpg,null,https://tech-labs.com/sites/default/files/product_images/DAC-Worldwide_419-000%26412.jpg,https://tech-labs.com/sites/default/files/product_images/DAC-Worldwide_419-000.jpg
149,Motorized Multi-Turn Valve Actuator Training,,null,https://tech-labs.com/sites/default/files/product_images/DAC_212-000.jpg,https://tech-labs.com/sites/default/files/product_images/DAC-212-000-Close.jpg,https://tech-labs.com/sites/default/files/product_images/DAC_212-000-Side.jpg,https://tech-labs.com/sites/default/files/product_images/DAC_212-000.jpg
150,Multi-Pass Fixed Tube Sheet Heat Exchanger Training Model,,null,https://tech-labs.com/sites/default/files/product_images/DAC-286.jpg,null,null,https://tech-labs.com/sites/default/files/product_images/DAC-286.jpg
151,Multi-Pass Floating Head Heat Exchanger Training Model,,null,https://tech-labs.com/sites/default/files/product_images/DAC-287-BackRight.jpg,https://tech-labs.com/sites/default/files/product_images/DAC-287-Front.jpg,https://tech-labs.com/sites/default/files/product_images/DAC-287-BackLeft.jpg,https://tech-labs.com/sites/default/files/product_images/DAC-287-BackRight.jpg
152,"Multi-Stage, Split Case Pump Dissectible",,null,https://tech-labs.com/sites/default/files/product_images/DAC_275-160-PAC.jpg,null,null,https://tech-labs.com/sites/default/files/product_images/DAC_275-160-PAC.jpg
153,Offset In-Line Helical Gear Reducer Cutaway,,null,https://tech-labs.com/sites/default/files/product_images/DAC_205-250_Front.jpg,https://tech-labs.com/sites/default/files/product_images/DAC_205-250_Right.jpg,https://tech-labs.com/sites/default/files/product_images/DAC_205-250_Left.jpg,https://tech-labs.com/sites/default/files/product_images/DAC_205-250_Front.jpg
154,Offset In-Line Helical Gear Reducer Dissectible,,null,https://tech-labs.com/sites/default/files/product_images/DAC_205-150_1.jpg,https://tech-labs.com/sites/default/files/product_images/DAC_205-150_3.jpg,https://tech-labs.com/sites/default/files/product_images/DAC_205-150_2.jpg,https://tech-labs.com/sites/default/files/product_images/DAC_205-150_1.jpg
155,Oil Field Pressure Gauge Cutaway,,null,https://tech-labs.com/sites/default/files/product_images/DAC-295-721.jpg,null,null,https://tech-labs.com/sites/default/files/product_images/DAC-295-721.jpg
156,Oil Field Relief Valve Cutaway,,null,https://tech-labs.com/sites/default/files/product_images/DAC-295-709-front.jpg,https://tech-labs.com/sites/default/files/product_images/DAC-295-709-right.jpg,https://tech-labs.com/sites/default/files/product_images/DAC-295-709-left.jpg,https://tech-labs.com/sites/default/files/product_images/DAC-295-709-front.jpg
157,Oil Patch Swing Check Valve Cutaway,,null,https://tech-labs.com/sites/default/files/product_images/DAC-295-707-right.jpg,https://tech-labs.com/sites/default/files/product_images/DAC-295-707-front.jpg,https://tech-labs.com/sites/default/files/product_images/DAC-295-707-left.jpg,https://tech-labs.com/sites/default/files/product_images/DAC-295-707-right.jpg
158,Oilfield Backpressure Regulator Cutaway,,null,https://tech-labs.com/sites/default/files/product_images/DAC-295-715.jpg,null,null,https://tech-labs.com/sites/default/files/product_images/DAC-295-715.jpg
159,Oilfield Production Regulator Cutaway (Big Joe),,null,https://tech-labs.com/sites/default/files/product_images/DAC-295-704.jpg,https://tech-labs.com/sites/default/files/product_images/DAC-295-704-details.jpg,https://tech-labs.com/sites/default/files/product_images/DAC-295-704-side.jpg,https://tech-labs.com/sites/default/files/product_images/DAC-295-704.jpg
160,Open Drive Refrigeration Compressor Cutaway,,null,https://tech-labs.com/sites/default/files/product_images/DAC_373-140_Close.jpg,https://tech-labs.com/sites/default/files/product_images/DAC_373-140_Left.jpg,https://tech-labs.com/sites/default/files/product_images/DAC_373-140_Front.jpg,https://tech-labs.com/sites/default/files/product_images/DAC_373-140_Close.jpg
161,Parallel-Shaft Helical Gear Reducer Dissectible,,null,https://tech-labs.com/sites/default/files/product_images/DAC_205-140.jpg,null,null,https://tech-labs.com/sites/default/files/product_images/DAC_205-140.jpg
162,Permanent Magnet DC Motor Cutaway,,null,https://tech-labs.com/sites/default/files/product_images/DAC-273-940.jpg,null,null,https://tech-labs.com/sites/default/files/product_images/DAC-273-940.jpg
163,Permanent Magnet DC Motor Training System,,null,https://tech-labs.com/sites/default/files/product_images/DAC-Worldwide_417-000.jpg,null,null,https://tech-labs.com/sites/default/files/product_images/DAC-Worldwide_417-000.jpg
164,Phillips Cascade Process (LNG) System Training Aid,,null,https://tech-labs.com/sites/default/files/product_images/DAC-295-901-Front.jpg,https://tech-labs.com/sites/default/files/product_images/DAC-295-901-read.jpg,https://tech-labs.com/sites/default/files/product_images/DAC-295-901-left.jpg,https://tech-labs.com/sites/default/files/product_images/DAC-295-901-Front.jpg
165,Piping Component Sample Board,,null,https://tech-labs.com/sites/default/files/product_images/865-PAC1_1.jpg,null,https://tech-labs.com/sites/default/files/product_images/865-PAC1_2.jpg,https://tech-labs.com/sites/default/files/product_images/865-PAC1_1.jpg
166,Piping System Model,,null,https://tech-labs.com/sites/default/files/product_images/DAC-299.jpg,https://tech-labs.com/sites/default/files/product_images/DAC-299-side2.jpg,https://tech-labs.com/sites/default/files/product_images/DAC-299-side.jpg,https://tech-labs.com/sites/default/files/product_images/DAC-299.jpg
167,Piston Check Valve Cutaway,,null,https://tech-labs.com/sites/default/files/product_images/DAC-295-706-right.jpg,https://tech-labs.com/sites/default/files/product_images/DAC-295-706-front.jpg,https://tech-labs.com/sites/default/files/product_images/DAC-295-706-left.jpg,https://tech-labs.com/sites/default/files/product_images/DAC-295-706-right.jpg
168,Planetary Gear Reducer Cutaway,,null,https://tech-labs.com/sites/default/files/product_images/DAC_205-280_Left.jpg,https://tech-labs.com/sites/default/files/product_images/DAC_205-280_Front.jpg,https://tech-labs.com/sites/default/files/product_images/DAC_205-280_Right.jpg,https://tech-labs.com/sites/default/files/product_images/DAC_205-280_Left.jpg
169,Planetary Gear Reducer Dissectible,,null,null,null,null,null
170,Plate-Type Heat Exchanger Model,,null,https://tech-labs.com/sites/default/files/product_images/DAC-284-Side.jpg,null,https://tech-labs.com/sites/default/files/product_images/DAC-284-Front.jpg,https://tech-labs.com/sites/default/files/product_images/DAC-284-Side.jpg
171,Pneumatic Component Cutaway Set,,null,https://tech-labs.com/sites/default/files/product_images/DAC_760C.jpg,https://tech-labs.com/sites/default/files/product_images/DAC_760-Close.jpg,https://tech-labs.com/sites/default/files/product_images/DAC_760C-Side.jpg,https://tech-labs.com/sites/default/files/product_images/DAC_760C.jpg
172,Pneumatic Level Controller Assembly Cutaway,,null,https://tech-labs.com/sites/default/files/product_images/DAC-295-713-close.jpg,https://tech-labs.com/sites/default/files/product_images/DAC-295-713-side.jpg,https://tech-labs.com/sites/default/files/product_images/DAC-295-713-front.jpg,https://tech-labs.com/sites/default/files/product_images/DAC-295-713-close.jpg
173,Pneumatic Level Switch Training Aid,,null,https://tech-labs.com/sites/default/files/product_images/DAC-295-722-Close.jpg,https://tech-labs.com/sites/default/files/product_images/DAC-295-722-Side.jpg,https://tech-labs.com/sites/default/files/product_images/DAC-295-722-Front.jpg,https://tech-labs.com/sites/default/files/product_images/DAC-295-722-Close.jpg
174,Pneumatic Surface Safety Valve Cutaway,,null,https://tech-labs.com/sites/default/files/product_images/DAC-295-719P.jpg,null,null,https://tech-labs.com/sites/default/files/product_images/DAC-295-719P.jpg
175,Portable Calibration Training System,,null,https://tech-labs.com/sites/default/files/product_images/DAC-616_117-Right.jpg,https://tech-labs.com/sites/default/files/product_images/DAC-616_117-Front.jpg,https://tech-labs.com/sites/default/files/product_images/DAC-616_117-Left.jpg,https://tech-labs.com/sites/default/files/product_images/DAC-616_117-Right.jpg
176,Pressure Control Switch Sample Dissectible,,null,https://tech-labs.com/sites/default/files/product_images/DAC_272-980.jpg,https://tech-labs.com/sites/default/files/product_images/DAC_272-980-Left.jpg,https://tech-labs.com/sites/default/files/product_images/DAC_272-980-Back.jpg,https://tech-labs.com/sites/default/files/product_images/DAC_272-980.jpg
177,Pressure Switch Sample Dissectible,,null,https://tech-labs.com/sites/default/files/product_images/pressure-switch-training-4-DACW-272-981.jpg,https://tech-labs.com/sites/default/files/product_images/pressure-switch-training-2-DACW-272-981.jpg,https://tech-labs.com/sites/default/files/product_images/pressure-switch-training-1-DACW-272-981.jpg,https://tech-labs.com/sites/default/files/product_images/pressure-switch-training-4-DACW-272-981.jpg
178,Pulsed Liquid-Liquid Extraction,,null,https://tech-labs.com/sites/default/files/product_images/Pignat-DAC-Worldwide-ELL4000.jpg,null,null,https://tech-labs.com/sites/default/files/product_images/Pignat-DAC-Worldwide-ELL4000.jpg
179,Pump Impeller Sample Board,,null,https://tech-labs.com/sites/default/files/product_images/869-PAC.jpg,null,null,https://tech-labs.com/sites/default/files/product_images/869-PAC.jpg
180,Pumpjack Model,,null,https://tech-labs.com/sites/default/files/product_images/DAC_295-408-2.jpg,https://tech-labs.com/sites/default/files/product_images/DAC_295-408-3.jpg,https://tech-labs.com/sites/default/files/product_images/DAC_295-408-1.jpg,https://tech-labs.com/sites/default/files/product_images/DAC_295-408-2.jpg
181,Reciprocating Compressor Model,,null,https://tech-labs.com/sites/default/files/product_images/DAC-211-000.jpg,null,https://tech-labs.com/sites/default/files/product_images/DAC-211-000-side.jpg,https://tech-labs.com/sites/default/files/product_images/DAC-211-000.jpg
182,"Representative Triplex, Plunger Mud Pump Dissectible",,null,https://tech-labs.com/sites/default/files/product_images/DAC_295-418_1.jpg,https://tech-labs.com/sites/default/files/product_images/DAC_295-418_3.jpg,https://tech-labs.com/sites/default/files/product_images/DAC_295-418_2.jpg,https://tech-labs.com/sites/default/files/product_images/DAC_295-418_1.jpg
183,Right Angle Spiral Bevel Gear Reducer Cutaway,,null,https://tech-labs.com/sites/default/files/product_images/DAC_205-220_Close.jpg,https://tech-labs.com/sites/default/files/product_images/DAC_205-220_Left.jpg,https://tech-labs.com/sites/default/files/product_images/DAC_205-220_Front.jpg,https://tech-labs.com/sites/default/files/product_images/DAC_205-220_Close.jpg
184,Right Angle Spiral Bevel Gear Reducer Dissectible,,null,https://tech-labs.com/sites/default/files/product_images/DAC_205-120.jpg,null,null,https://tech-labs.com/sites/default/files/product_images/DAC_205-120.jpg
185,Right Angle Straight Bevel Gear Reducer Cutaway,,null,https://tech-labs.com/sites/default/files/product_images/DAC_205-210_Close.jpg,https://tech-labs.com/sites/default/files/product_images/DAC_205-210_Front.jpg,https://tech-labs.com/sites/default/files/product_images/DAC_205-210_Right.jpg,https://tech-labs.com/sites/default/files/product_images/DAC_205-210_Close.jpg
186,Right Angle Straight Bevel Gear Reducer Dissectible,,null,https://tech-labs.com/sites/default/files/product_images/DAC_205-110.jpg,null,null,https://tech-labs.com/sites/default/files/product_images/DAC_205-110.jpg
187,Right Angle Worm Gear Reducer Dissectible,,null,https://tech-labs.com/sites/default/files/product_images/DAC_205-101.jpg,null,null,https://tech-labs.com/sites/default/files/product_images/DAC_205-101.jpg
188,Rod Pump Stuffing Box Assembly Replica Model,,null,https://tech-labs.com/sites/default/files/product_images/DAC_295-406-2.jpg,https://tech-labs.com/sites/default/files/product_images/DAC_295-406-3.jpg,https://tech-labs.com/sites/default/files/product_images/DAC_295-406-1.jpg,https://tech-labs.com/sites/default/files/product_images/DAC_295-406-2.jpg
189,"Rotary Drilling Bit Replica Set, 9-Piece",,null,https://tech-labs.com/sites/default/files/product_images/DAC_295-405-1.jpg,https://tech-labs.com/sites/default/files/product_images/DAC_295-405-3.jpg,https://tech-labs.com/sites/default/files/product_images/DAC_295-405-2.jpg,https://tech-labs.com/sites/default/files/product_images/DAC_295-405-1.jpg
190,Rotary Kiln Maintenance Training System,,null,https://tech-labs.com/sites/default/files/product_images/DAC-Worldwide-241-000.jpg,null,https://tech-labs.com/sites/default/files/product_images/DAC-Worldwide-241-000-Close.jpg,https://tech-labs.com/sites/default/files/product_images/DAC-Worldwide-241-000.jpg
191,Schrader Service Valve Cutaway,,null,https://tech-labs.com/sites/default/files/product_images/DAC_373-529%29front.jpg,https://tech-labs.com/sites/default/files/product_images/DAC_373-529_Right.jpg,https://tech-labs.com/sites/default/files/product_images/DAC_373-529_Left.jpg,https://tech-labs.com/sites/default/files/product_images/DAC_373-529%29front.jpg
192,Screw Pump Dissectible (Imo),,null,https://tech-labs.com/sites/default/files/product_images/DAC_275-190-2.jpg,https://tech-labs.com/sites/default/files/product_images/DAC_275-190-3.jpg,https://tech-labs.com/sites/default/files/product_images/DAC_275-190-1.jpg,https://tech-labs.com/sites/default/files/product_images/DAC_275-190-2.jpg
193,Semi-Hermetic Compressor Cutaway,,null,https://tech-labs.com/sites/default/files/product_images/DAC_373-120.jpg,https://tech-labs.com/sites/default/files/product_images/DAC_373-120_Left.jpg,https://tech-labs.com/sites/default/files/product_images/DAC_373-120_close.jpg,https://tech-labs.com/sites/default/files/product_images/DAC_373-120.jpg
194,"Shaft Mounted, Hollow-Shaft Helical Gear Reducer Dissectible",,null,https://tech-labs.com/sites/default/files/product_images/DAC_205-160.jpg,null,null,https://tech-labs.com/sites/default/files/product_images/DAC_205-160.jpg
195,"Shaft-Mounted, Hollow-Shaft Helical Gear Reducer Cutaway",,null,https://tech-labs.com/sites/default/files/product_images/DAC_205-260_Close.jpg,https://tech-labs.com/sites/default/files/product_images/DAC_205-260_Right.jpg,https://tech-labs.com/sites/default/files/product_images/DAC_205-260_Left.jpg,https://tech-labs.com/sites/default/files/product_images/DAC_205-260_Close.jpg
196,Shunt Wound DC Motor Cutaway,,null,https://tech-labs.com/sites/default/files/product_images/DAC-273-945.jpg,null,https://tech-labs.com/sites/default/files/product_images/DAC-273-945-Close.jpg,https://tech-labs.com/sites/default/files/product_images/DAC-273-945.jpg
197,Sight Flow Indicator Sample Dissectible,,null,https://tech-labs.com/sites/default/files/product_images/DAC_272-715.jpg,null,null,https://tech-labs.com/sites/default/files/product_images/DAC_272-715.jpg
198,Sightglass with Moisture Indicator Cutaway,,null,https://tech-labs.com/sites/default/files/product_images/DAC_373-652.jpg,https://tech-labs.com/sites/default/files/product_images/DAC_373-652_Right.jpg,https://tech-labs.com/sites/default/files/product_images/DAC_373-652_Left.jpg,https://tech-labs.com/sites/default/files/product_images/DAC_373-652.jpg
199,Single Phase Capacitor-Start AC Motor Cutaway,,null,https://tech-labs.com/sites/default/files/product_images/DAC-273-930.jpg,null,https://tech-labs.com/sites/default/files/product_images/DAC-273-930-Close.jpg,https://tech-labs.com/sites/default/files/product_images/DAC-273-930.jpg
200,Single-Phase PSC AC Motor Cutaway,,null,https://tech-labs.com/sites/default/files/product_images/DAC-273-950.jpg,https://tech-labs.com/sites/default/files/product_images/DAC-273-950-Close_0.jpg,https://tech-labs.com/sites/default/files/product_images/DAC-273-950-Close.jpg,https://tech-labs.com/sites/default/files/product_images/DAC-273-950.jpg
201,Single-Phase Transformer Cutaway,,null,https://tech-labs.com/sites/default/files/product_images/DAC-273-912.jpg,null,null,https://tech-labs.com/sites/default/files/product_images/DAC-273-912.jpg
202,Sliding Vane Pump Dissectible,,null,https://tech-labs.com/sites/default/files/product_images/DAC_275-139-1.jpg,https://tech-labs.com/sites/default/files/product_images/DAC_275-139-3.jpg,https://tech-labs.com/sites/default/files/product_images/DAC_275-139-2.jpg,https://tech-labs.com/sites/default/files/product_images/DAC_275-139-1.jpg
203,Spherical Roller Bearing Pillow Block Assembly Cutaway,,null,https://tech-labs.com/sites/default/files/product_images/DAC_200-2045_Close.jpg,https://tech-labs.com/sites/default/files/product_images/DAC_200-2045_Side.jpg,https://tech-labs.com/sites/default/files/product_images/DAC_200-2045_Front.jpg,https://tech-labs.com/sites/default/files/product_images/DAC_200-2045_Close.jpg
204,Steam Trap Cutaway Assortment,,null,https://tech-labs.com/sites/default/files/product_images/DAC-274-Side.jpg,null,https://tech-labs.com/sites/default/files/product_images/DAC-274.jpg,https://tech-labs.com/sites/default/files/product_images/DAC-274-Side.jpg
205,Steam Turbine Dissectible,,null,https://tech-labs.com/sites/default/files/product_images/steam-turbine-dissectible-training-W249SS011.jpg,null,null,https://tech-labs.com/sites/default/files/product_images/steam-turbine-dissectible-training-W249SS011.jpg
206,Stirred Liquid-Liquid Extraction,,null,https://tech-labs.com/sites/default/files/product_images/Pignat-DAC-Worldwide-ELA100.jpg,null,null,https://tech-labs.com/sites/default/files/product_images/Pignat-DAC-Worldwide-ELA100.jpg
207,Submersible Vertical Turbine Pump Dissectible,,null,https://tech-labs.com/sites/default/files/product_images/DAC_275-125.jpg,null,null,https://tech-labs.com/sites/default/files/product_images/DAC_275-125.jpg
208,Submersible Vertical Turbine Pump Dissectible (Goulds/IR/Durco/Aurora),,null,https://tech-labs.com/sites/default/files/product_images/DAC_275-120.jpg,null,null,https://tech-labs.com/sites/default/files/product_images/DAC_275-120.jpg
209,Sucker Rod Pump Model,,null,https://tech-labs.com/sites/default/files/product_images/DAC_295-407-1.jpg,https://tech-labs.com/sites/default/files/product_images/DAC_295-407-3.jpg,https://tech-labs.com/sites/default/files/product_images/DAC_295-407-2.jpg,https://tech-labs.com/sites/default/files/product_images/DAC_295-407-1.jpg
210,Surge Suppressor Model,,null,https://tech-labs.com/sites/default/files/product_images/DAC_295-403-5.jpg,https://tech-labs.com/sites/default/files/product_images/DAC_295-403-2.jpg,https://tech-labs.com/sites/default/files/product_images/DAC_295-403-1.jpg,https://tech-labs.com/sites/default/files/product_images/DAC_295-403-5.jpg
211,Temperature Process Control Training System Plus,,null,https://tech-labs.com/sites/default/files/product_images/DAC_602-PAC.jpg,null,https://tech-labs.com/sites/default/files/product_images/DAC_602-PAC_Back.jpg,https://tech-labs.com/sites/default/files/product_images/DAC_602-PAC.jpg
212,Temperature Regulator Cutaway,,null,https://tech-labs.com/sites/default/files/product_images/DAC-295-701.jpg,https://tech-labs.com/sites/default/files/product_images/DAC-295-701-side.jpg,https://tech-labs.com/sites/default/files/product_images/DAC-295-701-side2.jpg,https://tech-labs.com/sites/default/files/product_images/DAC-295-701.jpg
213,Three-Phase Squirrel-Cage AC Motor Cutaway,,null,https://tech-labs.com/sites/default/files/product_images/DAC-273-920.jpg,https://tech-labs.com/sites/default/files/product_images/DAC-273-920-Close.jpg,https://tech-labs.com/sites/default/files/product_images/DAC-273-920-Side.jpg,https://tech-labs.com/sites/default/files/product_images/DAC-273-920.jpg
214,Three-Phase Squirrel-Cage Explosion-Proof AC Motor Cutaway,,null,https://tech-labs.com/sites/default/files/product_images/DAC_273-925.jpg,https://tech-labs.com/sites/default/files/product_images/DAC_273-925-Close.jpg,https://tech-labs.com/sites/default/files/product_images/DAC_273-925-Front.jpg,https://tech-labs.com/sites/default/files/product_images/DAC_273-925.jpg
215,Three-Phase Transformer Cutaway,,null,https://tech-labs.com/sites/default/files/product_images/DAC-273-915_0.jpg,null,null,https://tech-labs.com/sites/default/files/product_images/DAC-273-915_0.jpg
216,Transformer Connections Training System,,null,https://tech-labs.com/sites/default/files/product_images/DAC-Worldwide_491-000-top.jpg,https://tech-labs.com/sites/default/files/product_images/DAC-Worldwide_491-000-full.jpg,https://tech-labs.com/sites/default/files/product_images/DAC-Worldwide_491-000-front.jpg,https://tech-labs.com/sites/default/files/product_images/DAC-Worldwide_491-000-top.jpg
217,Treater Dump Valve Cutaway,,null,https://tech-labs.com/sites/default/files/product_images/DAC-295-723-detail.jpg,https://tech-labs.com/sites/default/files/product_images/DAC-295-723-front.jpg,https://tech-labs.com/sites/default/files/product_images/DAC-295-723.jpg,https://tech-labs.com/sites/default/files/product_images/DAC-295-723-detail.jpg
218,U-Tube Heat Exchanger Training Model,,null,https://tech-labs.com/sites/default/files/product_images/DAC-285-Angle.jpg,https://tech-labs.com/sites/default/files/product_images/DAC-285-Side.jpg,https://tech-labs.com/sites/default/files/product_images/DAC-285-Right-Angle.jpg,https://tech-labs.com/sites/default/files/product_images/DAC-285-Angle.jpg
219,Urethane Tire Coupling Cutaway,,null,https://tech-labs.com/sites/default/files/product_images/200-2083.jpg,null,null,https://tech-labs.com/sites/default/files/product_images/200-2083.jpg
220,Valve Packing Training System,,null,https://tech-labs.com/sites/default/files/product_images/DAC_250-PAC_Right_0.jpg,null,null,https://tech-labs.com/sites/default/files/product_images/DAC_250-PAC_Right_0.jpg
221,Valve Packing Training System Plus,,null,https://tech-labs.com/sites/default/files/product_images/DAC_250-PAC_Right.jpg,https://tech-labs.com/sites/default/files/product_images/DAC_250-PAC.jpg,https://tech-labs.com/sites/default/files/product_images/DAC_250-PAC_Back.jpg,https://tech-labs.com/sites/default/files/product_images/DAC_250-PAC_Right.jpg
222,Variable Area Flow Meter Dissectible,,null,https://tech-labs.com/sites/default/files/product_images/DAC_272-718.jpg,null,null,https://tech-labs.com/sites/default/files/product_images/DAC_272-718.jpg
223,Variable Speed Gear Reducer Cutaway,,null,https://tech-labs.com/sites/default/files/product_images/DAC_205-290_Close.jpg,https://tech-labs.com/sites/default/files/product_images/DAC_205-290_Right.jpg,https://tech-labs.com/sites/default/files/product_images/DAC_205-290_Left.jpg,https://tech-labs.com/sites/default/files/product_images/DAC_205-290_Close.jpg
224,Vertical Centrifugal Pump Dissectible,,null,https://tech-labs.com/sites/default/files/product_images/DAC_275-128D-1.jpg,https://tech-labs.com/sites/default/files/product_images/DAC_275-128D-3.jpg,https://tech-labs.com/sites/default/files/product_images/DAC_275-128D-2.jpg,https://tech-labs.com/sites/default/files/product_images/DAC_275-128D-1.jpg
225,Vertical Coupling / Shaft Alignment Training,,null,https://tech-labs.com/sites/default/files/product_images/DAC-207.jpg,null,null,https://tech-labs.com/sites/default/files/product_images/DAC-207.jpg
226,Vertical Coupling Shaft Alignment Training System Plus,,null,https://tech-labs.com/sites/default/files/product_images/DAC-207_0.jpg,null,null,https://tech-labs.com/sites/default/files/product_images/DAC-207_0.jpg
227,Vertical Cross-Flow Separator Model,,null,https://tech-labs.com/sites/default/files/product_images/DAC_295-115-3.jpg,https://tech-labs.com/sites/default/files/product_images/DAC_295-115-2.jpg,https://tech-labs.com/sites/default/files/product_images/DAC_295-115-1.jpg,https://tech-labs.com/sites/default/files/product_images/DAC_295-115-3.jpg
228,Vertical Separator Trainer,,null,https://tech-labs.com/sites/default/files/product_images/DAC-295-101.jpg,null,null,https://tech-labs.com/sites/default/files/product_images/DAC-295-101.jpg
229,Vertical Separator Training System Plus,,null,https://tech-labs.com/sites/default/files/product_images/DAC-295-101-PAC.jpg,null,null,https://tech-labs.com/sites/default/files/product_images/DAC-295-101-PAC.jpg
230,Vertical Thermosyphon Reboiler Heat Exchanger Training Model,,null,https://tech-labs.com/sites/default/files/product_images/DAC-289-Side.jpg,null,https://tech-labs.com/sites/default/files/product_images/DAC-289.jpg,https://tech-labs.com/sites/default/files/product_images/DAC-289-Side.jpg
231,Vibration Analysis Training System,,null,https://tech-labs.com/sites/default/files/product_images/DAC-Worldwide_203-000.jpg,null,https://tech-labs.com/sites/default/files/product_images/DAC-Worldwide_203-000_2.jpg,https://tech-labs.com/sites/default/files/product_images/DAC-Worldwide_203-000.jpg
232,Vibration Analysis Training System Plus,,null,https://tech-labs.com/sites/default/files/product_images/DAC-Worldwide_203-PAC-FrontFull.jpg,https://tech-labs.com/sites/default/files/product_images/DAC-Worldwide_203-PAC-Right.jpg,https://tech-labs.com/sites/default/files/product_images/DAC-Worldwide_203-PAC-Left.jpg,https://tech-labs.com/sites/default/files/product_images/DAC-Worldwide_203-PAC-FrontFull.jpg
233,Water Tube Boiler Model,,null,https://tech-labs.com/sites/default/files/product_images/DAC-355-Top.jpg,https://tech-labs.com/sites/default/files/product_images/DAC-355.jpg,https://tech-labs.com/sites/default/files/product_images/DAC-355-Front.jpg,https://tech-labs.com/sites/default/files/product_images/DAC-355-Top.jpg
234,Weld Fault Comparison Kit,,null,https://tech-labs.com/sites/default/files/product_images/DAC_825-000_Right.jpg,https://tech-labs.com/sites/default/files/product_images/DAC_825-000_Front.jpg,https://tech-labs.com/sites/default/files/product_images/DAC_825-000_Left.jpg,https://tech-labs.com/sites/default/files/product_images/DAC_825-000_Right.jpg
235,Wellhead Backpressure Regulator Cutaway,,null,https://tech-labs.com/sites/default/files/product_images/DAC-295-703.jpg,null,null,https://tech-labs.com/sites/default/files/product_images/DAC-295-703.jpg
236,Wrap-Spring Clutch Sample,,null,https://tech-labs.com/sites/default/files/product_images/DAC_200-2203_Left.jpg,https://tech-labs.com/sites/default/files/product_images/DAC_200-2203_Front.jpg,https://tech-labs.com/sites/default/files/product_images/DAC_200-2203_Right.jpg,https://tech-labs.com/sites/default/files/product_images/DAC_200-2203_Left.jpg
