,links
0,/search
1,/contact-us
2,https://www.youtube.com/user/TechLabsEducational
3,https://www.facebook.com/TechLabsEDU
4,https://twitter.com/Tech_Labs
5,https://www.linkedin.com/company/tech-labs
6,https://plus.google.com/117674725617468473267
7,/
8,#
9,/product
10,/k-12-education
11,/3d-printing-grades-k-8
12,/3d-printing-grades-9-12
13,/products/science
14,/products/stem
15,/_files/CTE_Guide TX-Print_10-4.pdf
16,/technical-vocational
17,/3d-printers-technical-schools
18,/products/advanced-manufacturing
19,/products/automotive
20,/certification-programs
21,/products/cnc-robotics
22,/products/it-cyber-security
23,/products/e-learning
24,/products/green-energy
25,/products/hvac-vocational-training-units
26,/products/industry-40
27,/products/logistics
28,/products/mechatronics
29,/products/oil-gas
30,/products/portable-learning-systems
31,/products/safety
32,/products/simulators
33,/product/veterinary
34,/product/welding
35,/_files/CTE_Guide TX-Print_10-4.pdf
36,/colleges-universities
37,/products/3d-printers
38,/products/3d-scanners
39,/product/anatomy
40,/product/laser-cutting-engraving
41,/product/fume-extraction-and-filtration
42,/products/mechatronics
43,/products/chemical-engineering
44,/manufacturers
45,/manufacturers/amatrol
46,/manufacturers/dac-worldwide
47,/manufacturers/stratasys-3d-printing
48,/manufacturers/fanuc-robotics
49,/manufacturers/lincoln-electric
50,/manufacturers/apt-manufacturing-solutions
51,/manufacturers/artec-3d
52,/manufacturers/bayport
53,/manufacturers/bofa-americas
54,/manufacturers/b√∂hler
55,/manufacturers/products/cyber-science-3d
56,/manufacturers/denford
57,/manufacturers/desktop-metal
58,/manufacturers/edusmart
59,/manufacturers/iconnect-training
60,/manufacturers/levil-technology
61,/manufacturers/lj-create
62,/manufacturers/lucas-nuelle
63,/manufacturers/marcraft
64,/manufacturers/minds-i-robotics
65,/manufacturers/mssc
66,/manufacturers/oiltec
67,/manufacturers/postprocess
68,/manufacturers/renishaw
69,/manufacturers/scitex-learning
70,/manufacturers/simlog
71,/manufacturers/vr-sim
72,/manufacturers/syndaver-labs
73,/manufacturers/transas
74,/manufacturers/universal-laser-systems
75,/service-support
76,/solutions-center
77,/case-study
78,/events
79,/webinars
80,/
81,/manufacturers
82,/products/paint-simulation
83,/products/simspray-30
84,/products/simspray-30
85,/products/simspray-go
86,/products/simspray-go
87,/products/3d-printers
88,/products/3d-scanners
89,/products/advanced-manufacturing
90,/product/anatomy
91,/products/automotive
92,/products/cnc-robotics
93,/products/e-learning
94,/products/green-energy
95,/products/heavy-equipment-simulators
96,/products/hvac-vocational-training-units
97,/products/it-cyber-security
98,/product/laser-cutting-engraving
99,/products/mechatronics
100,/products/oil-gas
101,/products/paint-simulation
102,/products/portable-learning-systems-0
103,/products/port-crane-simulators-0
104,/products/robotics
105,/products/science
106,/products/stem
107,/product/veterinary
108,/product/welding
109,/certification-programs
110,/career-pathways
111,https://www.linkedin.com/company/tech-labs
112,https://twitter.com/Tech_Labs
113,https://www.facebook.com/pages/Tech-Labs/114966845205977
114,https://www.youtube.com/user/TechLabsEducational
115,/contact-us
116,https://www.choicepartners.org/vendors/technical-lab-systems-5
117,/
118,/contact
119,/about
120,/news
121,/events
122,/webinars
123,/service-support
124,/sales
125,/policies
126,https://east.exch032.serverdata.net/owa
127,https://x-cal.us
128,https://tech-labs.pro
129,https://tecsolutions.us
